asset_id,deal_id,obligor_id,facility_name,lien_type,par_amount,market_price,coupon_spread_bps,base_rate_pct,purchase_date,maturity_date,moodys_rating,is_defaulted,is_cov_lite
A00001,CLO-GOLB-241,OB0255,Granite Solutions TL B-2,First Lien,2751136.09,98.927,438.8,5.33,2025-05-26,2031-03-02,Ba3,0,1
A00002,CLO-GOLB-241,OB0300,Bluepeak Energy Term Loan B,First Lien,2626304.87,96.925,450.6,5.33,2024-09-29,2030-01-05,B1,0,1
A00003,CLO-GOLB-241,OB0189,Sequoia Group Term Loan A,First Lien,1704607.94,98.962,471.1,5.33,2024-10-30,2031-05-16,B2,0,1
A00004,CLO-GOLB-241,OB0266,Everest Solutions TL B-2,First Lien,2363747.1,98.559,473.7,5.33,2025-01-25,2028-10-25,B1,0,1
A00005,CLO-GOLB-241,OB0137,Keystone Media TL B-2,First Lien,2609591.8,98.833,382.0,5.33,2025-01-24,2030-06-05,Ba1,0,0
A00006,CLO-GOLB-241,OB0043,Cascade Partners TL B-2,First Lien,3406462.96,99.889,467.6,5.33,2025-05-23,2029-10-11,B1,0,1
A00007,CLO-GOLB-241,OB0218,Vantage Logistics Term Loan B,First Lien,2526231.86,97.279,478.6,5.33,2024-11-29,2030-03-02,B1,0,1
A00008,CLO-GOLB-241,OB0041,Sable Media Term Loan B,First Lien,3087727.29,98.944,376.0,5.33,2024-12-03,2029-10-19,Baa3,0,1
A00009,CLO-GOLB-241,OB0221,Atlas Health Term Loan C,First Lien,2444254.22,97.296,494.6,5.33,2024-06-05,2028-11-17,B2,0,1
A00010,CLO-GOLB-241,OB0093,Sterling Brands Term Loan A,First Lien,3587599.26,97.096,560.0,5.33,2024-10-30,2031-05-13,B3,0,1
A00011,CLO-GOLB-241,OB0280,Halyard Brands Term Loan C,Second Lien,1905156.6,97.697,804.1,5.33,2025-02-12,2030-02-15,B2,0,1
A00012,CLO-GOLB-241,OB0151,Sterling Group Term Loan C,First Lien,2324289.85,99.195,537.0,5.33,2024-10-20,2030-12-26,B2,0,0
A00013,CLO-GOLB-241,OB0165,Sable Holdings Term Loan C,First Lien,4071512.02,97.562,423.4,5.33,2025-03-07,2029-05-23,Baa3,0,1
A00014,CLO-GOLB-241,OB0053,Concord Pharma Term Loan A,First Lien,3190508.06,98.979,504.5,5.33,2025-04-29,2029-06-07,B1,0,1
A00015,CLO-GOLB-241,OB0293,Cobalt Devices Term Loan A,First Lien,4303859.04,97.755,462.4,5.33,2024-12-12,2030-02-27,B2,0,1
A00016,CLO-GOLB-241,OB0168,Granite Systems Term Loan A,First Lien,4219340.85,96.749,441.2,5.33,2025-02-27,2029-08-30,B1,0,0
A00017,CLO-GOLB-241,OB0152,Everest Networks Term Loan C,First Lien,2869484.69,98.339,496.8,5.33,2024-11-13,2030-08-25,B2,0,1
A00018,CLO-GOLB-241,OB0157,Sterling Industries Term Loan A,First Lien,3609985.58,98.94,446.1,5.33,2024-10-05,2030-04-26,B1,0,1
A00019,CLO-GOLB-241,OB0229,Cobalt Group Delayed Draw TL,Second Lien,4283344.45,99.32,781.1,5.33,2024-10-25,2030-02-05,Ba2,0,1
A00020,CLO-GOLB-241,OB0219,Meridian Energy Delayed Draw TL,First Lien,4259576.81,96.987,540.5,5.33,2024-12-04,2031-01-18,B3,0,1
A00021,CLO-GOLB-241,OB0086,Titan Devices Delayed Draw TL,First Lien,3769165.02,100.321,455.9,5.33,2025-04-16,2029-06-21,B2,0,1
A00022,CLO-GOLB-241,OB0228,Vertex Devices Term Loan B,First Lien,2062336.35,98.748,418.4,5.33,2025-03-27,2030-10-30,Ba2,0,1
A00023,CLO-GOLB-241,OB0180,Granite Devices Delayed Draw TL,First Lien,2149257.24,99.052,433.5,5.33,2024-11-01,2030-10-06,B1,0,1
A00024,CLO-GOLB-241,OB0282,Aegis Logistics Delayed Draw TL,First Lien,3488684.52,100.412,463.0,5.33,2025-01-15,2030-07-30,B2,0,1
A00025,CLO-GOLB-241,OB0022,Pinnacle Capital Term Loan C,First Lien,4351817.24,100.132,418.7,5.33,2024-09-11,2030-04-02,Ba3,0,1
A00026,CLO-GOLB-241,OB0181,Aegis Technologies Term Loan B,First Lien,4005061.74,98.172,504.2,5.33,2024-12-05,2030-12-17,B1,0,1
A00027,CLO-GOLB-241,OB0223,Concord Holdings Term Loan C,Second Lien,4268455.89,100.007,736.5,5.33,2025-03-20,2029-01-19,Ba3,0,0
A00028,CLO-GOLB-241,OB0141,Beacon Brands Term Loan A,First Lien,2431910.63,98.597,444.4,5.33,2025-01-29,2030-01-24,Baa3,0,1
A00029,CLO-GOLB-241,OB0030,Vantage Devices Term Loan B,First Lien,3878306.15,99.093,513.5,5.33,2025-05-28,2029-09-12,B2,0,1
A00030,CLO-GOLB-241,OB0039,Cobalt Industries Delayed Draw TL,First Lien,3142448.55,99.925,474.7,5.33,2025-02-03,2029-09-02,Ba2,0,1
A00031,CLO-GOLB-241,OB0208,Sable Capital TL B-2,First Lien,3452244.25,97.794,471.1,5.33,2024-11-28,2029-05-31,B2,0,1
A00032,CLO-GOLB-241,OB0187,Summit Technologies TL B-2,First Lien,2224164.99,98.792,434.2,5.33,2025-05-05,2029-05-31,Ba3,0,1
A00033,CLO-GOLB-241,OB0263,Crestline Health TL B-2,First Lien,1769981.08,98.51,529.4,5.33,2025-05-04,2029-01-30,B2,0,1
A00034,CLO-GOLB-241,OB0082,Halyard Materials Delayed Draw TL,First Lien,4280749.69,100.329,491.8,5.33,2025-06-02,2030-06-14,B2,0,1
A00035,CLO-GOLB-241,OB0016,Vantage Networks Term Loan A,First Lien,3552029.12,99.708,503.1,5.33,2025-04-29,2030-11-13,B1,0,1
A00036,CLO-GOLB-241,OB0074,Harbor Industries Term Loan B,First Lien,3812841.44,97.947,511.4,5.33,2024-06-16,2031-01-28,B1,0,1
A00037,CLO-GOLB-241,OB0225,Harbor Networks Term Loan B,First Lien,2952268.37,97.812,475.6,5.33,2025-04-29,2029-04-30,B1,0,1
A00038,CLO-GOLB-241,OB0018,Ironwood Industries Delayed Draw TL,First Lien,2901409.2,96.723,405.9,5.33,2025-01-04,2030-05-02,Ba2,0,1
A00039,CLO-GOLB-241,OB0065,Keystone Brands Term Loan A,First Lien,2820660.04,98.084,522.3,5.33,2025-03-08,2028-12-15,B2,0,1
A00040,CLO-GOLB-241,OB0035,Titan Health Delayed Draw TL,First Lien,2460873.08,100.238,455.0,5.33,2024-06-01,2029-07-22,B2,0,1
A00041,CLO-GOLB-241,OB0121,Halyard Industries Delayed Draw TL,First Lien,3756671.59,99.084,466.6,5.33,2024-12-31,2031-03-11,B1,0,0
A00042,CLO-GOLB-241,OB0188,Cobalt Media TL B-2,First Lien,2561520.75,91.993,542.8,5.33,2024-07-15,2029-04-02,Caa1,0,0
A00043,CLO-GOLB-241,OB0186,Granite Partners TL B-2,First Lien,2609031.42,99.839,516.9,5.33,2025-01-08,2030-08-22,B2,0,1
A00044,CLO-GOLB-241,OB0197,Pinnacle Brands Term Loan A,First Lien,2703884.35,98.343,442.8,5.33,2025-05-22,2030-11-24,B1,0,1
A00045,CLO-GOLB-241,OB0017,Cardinal Pharma Term Loan A,First Lien,3880334.24,100.035,395.4,5.33,2024-06-19,2029-01-13,Ba2,0,1
A00046,CLO-GOLB-241,OB0155,Sable Group Delayed Draw TL,First Lien,2772004.65,97.479,452.8,5.33,2024-09-12,2030-04-07,B2,0,1
A00047,CLO-GOLB-241,OB0040,Aegis Systems Term Loan C,First Lien,4045962.38,97.657,502.2,5.33,2024-10-26,2030-05-16,B1,0,1
A00048,CLO-GOLB-241,OB0174,Crestline Media Term Loan A,First Lien,3462245.81,97.073,539.0,5.33,2024-12-13,2029-08-05,B3,0,1
A00049,CLO-GOLB-241,OB0116,Clarion Holdings Term Loan C,First Lien,3108673.59,97.201,471.7,5.33,2025-01-24,2028-11-19,Ba3,0,0
A00050,CLO-GOLB-241,OB0243,Bluepeak Holdings Term Loan A,First Lien,4283652.39,97.775,466.3,5.33,2024-10-16,2029-10-22,B1,0,1
A00051,CLO-GOLB-241,OB0095,Cascade Devices Delayed Draw TL,First Lien,3051309.34,99.93,377.4,5.33,2024-06-14,2030-04-30,Baa3,0,1
A00052,CLO-GOLB-241,OB0096,Pioneer Group Term Loan B,First Lien,2680620.46,97.52,509.3,5.33,2025-01-01,2031-02-16,B3,0,1
A00053,CLO-GOLB-241,OB0114,Sequoia Systems Term Loan B,First Lien,3044309.78,98.009,503.2,5.33,2024-06-22,2029-04-12,B2,0,1
A00054,CLO-GOLB-241,OB0196,Crestline Materials TL B-2,First Lien,3202904.24,97.336,459.2,5.33,2024-05-23,2029-05-06,Ba1,0,0
A00055,CLO-GOLB-241,OB0020,Pinnacle Energy Term Loan C,First Lien,4346210.58,98.416,450.6,5.33,2025-05-11,2029-04-29,B1,0,1
A00056,CLO-GOLB-241,OB0147,Northwind Partners TL B-2,First Lien,2139710.46,98.365,507.2,5.33,2024-09-26,2029-10-05,B2,0,1
A00057,CLO-GOLB-241,OB0036,Sable Logistics Term Loan A,First Lien,2927204.47,98.378,524.4,5.33,2024-11-21,2029-08-18,B2,0,1
A00058,CLO-GOLB-241,OB0136,Ironwood Foods Term Loan C,First Lien,3126400.8,97.543,512.9,5.33,2025-05-19,2029-12-03,B1,0,1
A00059,CLO-GOLB-241,OB0094,Everest Systems TL B-2,First Lien,2008009.26,97.483,529.2,5.33,2024-09-24,2030-11-22,B3,0,1
A00060,CLO-GOLB-241,OB0102,Redwood Energy Term Loan A,First Lien,4359737.25,97.173,482.2,5.33,2024-07-26,2030-10-09,Ba3,0,1
A00061,CLO-GOLB-241,OB0081,Cascade Capital Term Loan B,First Lien,1970934.35,100.329,441.2,5.33,2025-04-23,2028-11-20,Ba2,0,1
A00062,CLO-GOLB-241,OB0167,Monarch Media Term Loan C,First Lien,2668055.66,99.329,449.6,5.33,2025-01-04,2029-10-19,B2,0,1
A00063,CLO-GOLB-241,OB0072,Pinnacle Technologies Term Loan C,First Lien,3355993.49,99.137,481.0,5.33,2025-02-22,2029-11-27,B3,0,1
A00064,CLO-GOLB-241,OB0064,Pinnacle Group Delayed Draw TL,First Lien,3025326.95,96.569,483.8,5.33,2024-08-15,2029-01-19,Ba3,0,0
A00065,CLO-GOLB-241,OB0272,Ridgeline Technologies Delayed Draw TL,First Lien,3009963.82,97.51,480.7,5.33,2024-06-25,2029-10-19,B2,0,0
A00066,CLO-GOLB-241,OB0007,Beacon Technologies Term Loan B,First Lien,2810339.41,97.7,503.3,5.33,2025-04-15,2031-02-27,B1,0,1
A00067,CLO-GOLB-241,OB0298,Granite Brands Term Loan A,First Lien,1505778.83,98.404,506.1,5.33,2024-06-27,2030-02-25,B2,0,1
A00068,CLO-GOLB-241,OB0048,Crestline Pharma Term Loan B,First Lien,3377909.46,100.395,529.3,5.33,2024-09-10,2029-05-06,B2,0,0
A00069,CLO-GOLB-241,OB0128,Harbor Group TL B-2,First Lien,3522559.07,100.197,510.4,5.33,2025-02-18,2030-05-02,B2,0,1
A00070,CLO-GOLB-241,OB0133,Ironwood Energy Delayed Draw TL,First Lien,1956606.1,97.329,461.8,5.33,2024-06-24,2029-08-04,B2,0,1
A00071,CLO-GOLB-241,OB0100,Northwind Capital Term Loan A,First Lien,2143194.59,92.344,560.7,5.33,2025-05-03,2030-10-13,Caa1,0,1
A00072,CLO-GOLB-241,OB0144,Sterling Networks Term Loan C,First Lien,3684880.24,97.429,384.4,5.33,2025-06-13,2030-06-22,Ba1,0,0
A00073,CLO-GOLB-241,OB0031,Summit Partners Delayed Draw TL,First Lien,2620157.6,97.593,518.1,5.33,2024-09-09,2029-10-01,B1,0,1
A00074,CLO-GOLB-241,OB0068,Granite Health TL B-2,First Lien,2555203.14,98.02,498.3,5.33,2024-09-19,2030-10-02,B1,0,1
A00075,CLO-GOLB-241,OB0199,Aegis Media TL B-2,First Lien,2227149.86,97.117,483.9,5.33,2024-07-09,2029-01-03,B2,0,1
A00076,CLO-GOLB-241,OB0067,Atlas Materials Delayed Draw TL,First Lien,2350169.26,80.12,616.9,5.33,2025-02-25,2030-04-23,Caa2,0,1
A00077,CLO-GOLB-241,OB0275,Atlas Group Delayed Draw TL,First Lien,1724394.87,98.888,481.2,5.33,2024-05-22,2029-07-27,Ba3,0,1
A00078,CLO-GOLB-241,OB0115,Cardinal Technologies Term Loan C,First Lien,3787802.52,100.471,501.4,5.33,2024-08-10,2030-09-03,B3,0,1
A00079,CLO-GOLB-241,OB0055,Vertex Media Delayed Draw TL,First Lien,1832918.03,96.753,487.9,5.33,2024-10-16,2030-02-09,B2,0,1
A00080,CLO-GOLB-241,OB0283,Halyard Solutions Delayed Draw TL,First Lien,2511539.77,98.483,504.3,5.33,2024-07-09,2029-02-17,B2,0,1
A00081,CLO-GOLB-241,OB0265,Keystone Group TL B-2,First Lien,4305746.65,90.865,560.5,5.33,2024-12-22,2031-01-15,Caa1,0,1
A00082,CLO-GOLB-241,OB0178,Atlas Capital Delayed Draw TL,First Lien,3396622.79,98.913,511.4,5.33,2024-10-23,2029-04-01,B2,0,0
A00083,CLO-GOLB-241,OB0126,Cascade Group Term Loan A,First Lien,4366505.48,98.464,480.6,5.33,2024-10-29,2029-10-22,B1,0,1
A00084,CLO-GOLB-241,OB0052,Beacon Energy Term Loan A,First Lien,3808249.34,97.299,454.2,5.33,2025-04-30,2030-11-27,Baa3,0,1
A00085,CLO-GOLB-241,OB0032,Ironwood Group Term Loan B,First Lien,4318511.44,98.254,420.2,5.33,2024-12-11,2030-08-22,Ba2,0,1
A00086,CLO-GOLB-241,OB0261,Sterling Energy Term Loan B,First Lien,3342583.3,99.361,519.8,5.33,2024-12-31,2030-06-06,B2,0,1
A00087,CLO-GOLB-241,OB0019,Cascade Systems TL B-2,First Lien,2632680.89,99.267,497.7,5.33,2025-05-10,2031-04-06,B2,0,1
A00088,CLO-GOLB-241,OB0252,Clarion Foods Term Loan A,First Lien,3221943.13,97.493,508.6,5.33,2025-04-12,2030-06-21,B2,0,1
A00089,CLO-GOLB-241,OB0045,Vertex Capital Delayed Draw TL,First Lien,4411942.3,99.511,497.6,5.33,2024-07-09,2028-10-12,Ba3,0,1
A00090,CLO-GOLB-241,OB0183,Clarion Capital TL B-2,First Lien,2086803.43,99.251,468.7,5.33,2024-12-02,2030-01-19,B2,0,1
A00091,CLO-GOLB-241,OB0248,Vertex Networks Delayed Draw TL,First Lien,3205976.32,96.598,403.4,5.33,2024-06-28,2029-01-28,Ba2,0,1
A00092,CLO-GOLB-241,OB0023,Redwood Media TL B-2,First Lien,3638152.47,99.637,457.5,5.33,2025-01-14,2029-01-09,Ba3,0,1
A00093,CLO-GOLB-241,OB0270,Keystone Capital TL B-2,First Lien,3536222.65,99.741,421.0,5.33,2025-04-12,2029-01-21,Ba3,0,1
A00094,CLO-GOLB-241,OB0175,Keystone Solutions Term Loan C,Second Lien,1910810.78,97.198,788.2,5.33,2024-12-20,2031-06-10,B2,0,1
A00095,CLO-GOLB-241,OB0267,Halyard Systems Term Loan C,First Lien,3844546.5,99.129,515.2,5.33,2024-08-25,2030-01-05,B3,0,1
A00096,CLO-GOLB-241,OB0171,Beacon Systems Term Loan B,First Lien,2596139.32,99.509,521.6,5.33,2025-03-07,2029-01-14,B2,0,1
A00097,CLO-GOLB-241,OB0089,Sable Systems Delayed Draw TL,First Lien,3048136.56,96.956,471.0,5.33,2025-02-10,2031-06-18,Ba3,0,1
A00098,CLO-GOLB-241,OB0182,Cardinal Systems Term Loan C,First Lien,3231562.6,97.892,504.9,5.33,2024-08-12,2031-01-13,B1,0,1
A00099,CLO-GOLB-241,OB0256,Redwood Devices Term Loan A,First Lien,3853270.56,99.188,457.0,5.33,2024-10-19,2029-01-29,B1,0,1
A00100,CLO-GOLB-241,OB0273,Summit Logistics Term Loan A,First Lien,3526066.38,97.051,463.3,5.33,2025-01-20,2030-07-14,B1,0,1
A00101,CLO-GOLB-241,OB0139,Sterling Logistics Term Loan A,First Lien,4215189.0,97.167,454.8,5.33,2024-10-24,2031-02-11,B1,0,1
A00102,CLO-GOLB-241,OB0075,Harbor Pharma Term Loan C,First Lien,1572719.85,39.506,437.8,5.33,2025-01-29,2030-08-01,Baa3,1,1
A00103,CLO-GOLB-241,OB0077,Pinnacle Foods Term Loan B,First Lien,3499384.09,98.455,436.2,5.33,2025-06-09,2029-05-15,B1,0,1
A00104,CLO-GOLB-241,OB0286,Ridgeline Systems Delayed Draw TL,First Lien,2248156.78,98.329,495.6,5.33,2025-02-21,2030-03-09,B1,0,1
A00105,CLO-GOLB-241,OB0211,Monarch Group Term Loan B,First Lien,1757713.78,97.967,502.8,5.33,2025-06-09,2030-10-08,B1,0,1
A00106,CLO-GOLB-241,OB0203,Vertex Brands Term Loan B,First Lien,2076242.87,99.115,471.1,5.33,2025-01-01,2029-06-28,B2,0,1
A00107,CLO-GOLB-241,OB0278,Crestline Brands Term Loan C,First Lien,3902469.26,99.603,450.1,5.33,2025-05-03,2029-09-26,B1,0,0
A00108,CLO-GOLB-241,OB0164,Vertex Foods Term Loan B,First Lien,3272139.11,99.639,467.2,5.33,2025-03-03,2029-09-26,Ba2,0,1
A00109,CLO-GOLB-241,OB0212,Monarch Foods Term Loan C,First Lien,3231217.17,97.671,445.5,5.33,2025-04-28,2031-01-14,Ba2,0,1
A00110,CLO-GOLB-241,OB0291,Monarch Devices Term Loan A,First Lien,4348330.65,100.47,506.8,5.33,2025-05-10,2031-03-07,B1,0,1
A00111,CLO-GOLB-241,OB0131,Redwood Materials Term Loan A,First Lien,1855520.1,99.874,399.7,5.33,2025-03-07,2030-07-11,Baa3,0,1
A00112,CLO-GOLB-241,OB0058,Everest Group Term Loan C,First Lien,2673651.29,100.021,457.2,5.33,2025-06-03,2029-07-13,B2,0,1
A00113,CLO-GOLB-241,OB0216,Titan Materials Term Loan B,First Lien,4087442.99,98.828,507.0,5.33,2025-05-25,2031-06-24,B1,0,1
A00114,CLO-GOLB-241,OB0217,Crestline Energy Delayed Draw TL,First Lien,3436637.53,98.638,430.2,5.33,2024-09-01,2030-02-20,Ba3,0,1
A00115,CLO-GOLB-241,OB0244,Sequoia Foods TL B-2,First Lien,3937929.22,98.765,492.5,5.33,2025-04-30,2030-11-21,B2,0,1
A00116,CLO-GOLB-241,OB0061,Monarch Brands Delayed Draw TL,First Lien,1713043.48,96.997,441.6,5.33,2025-01-04,2028-10-02,Baa3,0,0
A00117,CLO-GOLB-241,OB0127,Concord Industries TL B-2,Second Lien,2715092.51,100.029,831.8,5.33,2024-07-02,2030-08-03,B3,0,1
A00118,CLO-GOLB-241,OB0235,Harbor Technologies Term Loan A,First Lien,1660672.75,96.707,466.9,5.33,2024-12-21,2030-08-04,Ba3,0,1
A00119,CLO-GOLB-241,OB0191,Titan Partners Delayed Draw TL,First Lien,1699637.83,87.499,577.5,5.33,2024-05-20,2028-10-10,Caa1,0,1
A00120,CLO-GOLB-241,OB0142,Meridian Pharma Delayed Draw TL,Second Lien,3903630.73,97.029,695.8,5.33,2024-06-30,2030-10-20,Baa3,0,1
A00121,CLO-GOLB-241,OB0245,Sterling Systems Term Loan A,First Lien,1724115.85,98.031,483.8,5.33,2025-04-09,2030-08-26,Ba3,0,1
A00122,CLO-GOLB-241,OB0250,Meridian Holdings Term Loan A,First Lien,3028656.58,98.26,493.8,5.33,2024-12-12,2030-06-24,B1,0,1
A00123,CLO-GOLB-241,OB0120,Summit Pharma Delayed Draw TL,First Lien,4034459.77,99.51,481.9,5.33,2024-11-11,2031-06-15,B1,0,1
A00124,CLO-GOLB-241,OB0224,Atlas Pharma Term Loan C,First Lien,3824155.55,97.493,464.7,5.33,2024-10-08,2030-12-08,Ba3,0,0
A00125,CLO-GOLB-241,OB0034,Vantage Solutions Term Loan A,First Lien,1490941.26,97.322,534.2,5.33,2025-06-02,2029-11-07,B3,0,1
A00126,CLO-GOLB-241,OB0292,Titan Holdings Delayed Draw TL,First Lien,1575644.17,98.48,458.9,5.33,2025-04-07,2030-06-02,B2,0,1
A00127,CLO-GOLB-241,OB0209,Summit Materials Term Loan C,First Lien,4122268.37,97.766,514.4,5.33,2024-12-17,2029-10-11,B3,0,1
A00128,CLO-GOLB-241,OB0202,Sable Technologies Term Loan B,First Lien,1936504.97,96.792,532.5,5.33,2024-09-27,2029-05-10,B3,0,1
A00129,CLO-GOLB-241,OB0080,Harbor Brands Delayed Draw TL,First Lien,1593655.66,99.014,524.7,5.33,2024-12-18,2030-09-20,B3,0,1
A00130,CLO-GOLB-241,OB0241,Summit Solutions Term Loan A,First Lien,3364568.27,96.834,435.9,5.33,2024-08-03,2030-04-04,B1,0,1
A00131,CLO-GOLB-241,OB0123,Meridian Health Delayed Draw TL,First Lien,3199403.96,99.073,476.7,5.33,2025-05-24,2031-06-05,B2,0,1
A00132,CLO-GOLB-241,OB0135,Granite Materials TL B-2,First Lien,1585831.24,98.313,503.6,5.33,2025-04-22,2030-10-31,B2,0,1
A00133,CLO-GOLB-241,OB0106,Ironwood Materials TL B-2,First Lien,1945283.97,96.545,473.5,5.33,2025-02-07,2030-03-15,B1,0,1
A00134,CLO-GOLB-241,OB0105,Crestline Solutions Term Loan B,First Lien,3609500.03,99.624,388.6,5.33,2025-06-14,2031-04-11,Baa3,0,1
A00135,CLO-GOLB-241,OB0148,Northwind Energy Term Loan B,First Lien,3873097.75,99.349,445.9,5.33,2025-01-25,2030-01-11,Ba2,0,1
A00136,CLO-GOLB-241,OB0214,Crestline Logistics Term Loan C,First Lien,1578300.16,97.129,434.0,5.33,2025-04-26,2030-10-12,Baa3,0,1
A00137,CLO-GOLB-241,OB0033,Halyard Pharma TL B-2,First Lien,3670602.87,96.549,452.9,5.33,2024-11-28,2031-05-02,B2,0,1
A00138,CLO-GOLB-241,OB0206,Concord Brands Delayed Draw TL,First Lien,4251821.44,100.156,515.5,5.33,2024-09-07,2029-08-27,B2,0,1
A00139,CLO-GOLB-241,OB0288,Cascade Technologies Term Loan B,First Lien,4205095.28,98.786,439.5,5.33,2024-08-15,2029-05-18,B1,0,1
A00140,CLO-GOLB-241,OB0213,Sterling Media TL B-2,Second Lien,4405243.11,98.36,799.2,5.33,2024-10-30,2028-12-29,B2,0,1
A00141,CLO-GOLB-241,OB0281,Pioneer Health Delayed Draw TL,First Lien,1433377.41,97.716,450.0,5.33,2024-11-20,2030-05-30,Ba2,0,0
A00142,CLO-GOLB-241,OB0231,Redwood Brands Term Loan A,First Lien,4455229.62,98.686,520.4,5.33,2024-05-19,2031-05-14,B2,0,1
A00143,CLO-GOLB-241,OB0204,Granite Foods Term Loan B,First Lien,2120375.55,100.009,534.4,5.33,2025-06-08,2030-08-06,B2,0,1
A00144,CLO-GOLB-241,OB0193,Harbor Foods Term Loan B,First Lien,3662368.18,100.432,486.6,5.33,2024-07-27,2030-09-30,B2,0,1
A00145,CLO-GOLB-241,OB0177,Northwind Brands Delayed Draw TL,First Lien,1543072.79,98.152,529.4,5.33,2025-06-02,2028-12-27,B2,0,1
A00146,CLO-GOLB-241,OB0289,Ironwood Brands Term Loan A,First Lien,2952087.35,98.868,454.4,5.33,2024-09-14,2029-07-27,B2,0,1
A00147,CLO-GOLB-241,OB0047,Titan Solutions TL B-2,First Lien,2370750.52,99.441,422.6,5.33,2024-09-12,2028-12-17,Ba2,0,0
A00148,CLO-GOLB-241,OB0176,Titan Group TL B-2,First Lien,1824588.97,96.923,451.1,5.33,2024-12-10,2029-02-02,Ba3,0,1
A00149,CLO-GOLB-241,OB0111,Keystone Holdings Term Loan A,First Lien,4354017.44,97.56,439.6,5.33,2025-05-02,2029-08-09,B1,0,1
A00150,CLO-GOLB-241,OB0129,Ridgeline Media Term Loan A,First Lien,3536572.88,97.811,457.0,5.33,2024-11-14,2029-11-11,B2,0,1
A00151,CLO-GOLB-241,OB0015,Sable Materials Delayed Draw TL,First Lien,3476446.48,96.624,447.0,5.33,2025-02-24,2030-11-07,Ba3,0,1
A00152,CLO-GOLB-241,OB0259,Atlas Energy Term Loan A,First Lien,1698238.37,96.986,485.2,5.33,2024-07-21,2029-04-22,B3,0,1
A00153,CLO-GOLB-241,OB0159,Concord Health Term Loan B,First Lien,2545472.65,98.829,452.1,5.33,2024-05-27,2028-12-07,B1,0,1
A00154,CLO-GOLB-241,OB0254,Redwood Group Term Loan B,First Lien,3381205.58,99.889,437.2,5.33,2024-06-06,2031-05-24,Baa3,0,1
A00155,CLO-GOLB-241,OB0078,Concord Foods Delayed Draw TL,First Lien,1921908.56,84.32,533.5,5.33,2024-08-12,2029-09-29,Caa1,0,1
A00156,CLO-GOLB-241,OB0295,Bluepeak Partners Term Loan A,First Lien,1980408.66,96.639,484.5,5.33,2025-04-12,2029-07-31,B1,0,1
A00157,CLO-GOLB-241,OB0042,Cardinal Media Term Loan C,First Lien,4104115.74,98.032,486.5,5.33,2024-09-20,2030-07-09,B2,0,0
A00158,CLO-GOLB-241,OB0083,Sable Pharma Delayed Draw TL,First Lien,3068797.85,99.353,453.8,5.33,2024-11-08,2031-04-24,Ba3,0,1
A00159,CLO-GOLB-241,OB0234,Meridian Systems TL B-2,First Lien,2390886.18,98.888,431.4,5.33,2024-06-14,2031-01-08,B1,0,0
A00160,CLO-GOLB-241,OB0158,Keystone Energy Term Loan A,First Lien,3025371.67,100.396,437.8,5.33,2024-09-29,2030-04-01,B1,0,1
A00161,CLO-GOLB-241,OB0166,Cardinal Materials Delayed Draw TL,First Lien,4209383.79,97.378,525.0,5.33,2024-11-13,2031-05-17,B2,0,1
A00162,CLO-GOLB-241,OB0073,Vantage Technologies Term Loan C,First Lien,3989454.53,99.725,491.6,5.33,2024-05-30,2030-09-22,B1,0,1
A00163,CLO-GOLB-241,OB0021,Bluepeak Pharma Delayed Draw TL,First Lien,4301885.52,97.253,537.7,5.33,2025-02-17,2029-08-14,B2,0,1
A00164,CLO-GOLB-241,OB0262,Everest Devices TL B-2,First Lien,1524948.96,96.58,491.8,5.33,2025-03-26,2029-04-26,B2,0,1
A00165,CLO-GOLB-241,OB0051,Pinnacle Industries Term Loan A,First Lien,2449364.06,99.973,454.2,5.33,2025-03-12,2030-09-23,B2,0,0
A00166,CLO-GOLB-241,OB0071,Keystone Foods Delayed Draw TL,First Lien,3773140.47,93.369,564.4,5.33,2025-03-12,2029-01-13,Caa1,0,1
A00167,CLO-GOLB-241,OB0207,Cobalt Technologies Delayed Draw TL,Second Lien,2393935.41,98.247,746.9,5.33,2025-04-13,2029-08-22,Baa3,0,1
A00168,CLO-GOLB-241,OB0146,Vantage Brands Term Loan C,First Lien,4366559.44,99.648,384.5,5.33,2024-08-13,2029-10-24,Baa3,0,1
A00169,CLO-GOLB-241,OB0024,Atlas Solutions Delayed Draw TL,First Lien,3510990.65,100.295,534.2,5.33,2025-06-14,2031-06-17,B2,0,1
A00170,CLO-GOLB-241,OB0299,Beacon Partners Term Loan B,First Lien,1964932.23,98.946,506.4,5.33,2025-01-25,2029-02-23,B2,0,1
A00171,CLO-GOLB-241,OB0044,Titan Foods TL B-2,First Lien,1646586.82,99.045,480.7,5.33,2024-12-30,2028-10-13,Ba2,0,1
A00172,CLO-GOLB-241,OB0194,Clarion Solutions Delayed Draw TL,First Lien,2170880.65,96.932,479.7,5.33,2024-12-26,2030-10-22,B3,0,1
A00173,CLO-GOLB-241,OB0130,Monarch Energy Delayed Draw TL,First Lien,1916868.88,97.905,398.2,5.33,2025-03-07,2030-07-30,Baa3,0,1
A00174,CLO-GOLB-241,OB0085,Vertex Partners TL B-2,First Lien,2097737.97,96.634,430.6,5.33,2024-07-08,2028-12-16,B1,0,1
A00175,CLO-GOLB-241,OB0172,Aegis Devices TL B-2,First Lien,4119846.6,100.267,536.8,5.33,2025-03-16,2030-06-22,B2,0,0
A00176,CLO-GOLB-241,OB0195,Aegis Capital Term Loan B,First Lien,3559856.6,98.929,518.7,5.33,2024-07-06,2029-09-06,B3,0,1
A00177,CLO-GOLB-241,OB0161,Vertex Solutions TL B-2,First Lien,1989058.07,99.42,472.7,5.33,2024-10-15,2029-06-02,B2,0,1
A00178,CLO-GOLB-241,OB0140,Titan Pharma Term Loan B,First Lien,2608553.89,96.718,449.1,5.33,2024-10-13,2031-01-23,B2,0,1
A00179,CLO-GOLB-241,OB0232,Meridian Partners Term Loan B,First Lien,3241468.45,97.183,455.1,5.33,2025-01-13,2031-02-13,B1,0,1
A00180,CLO-GOLB-241,OB0108,Granite Pharma Delayed Draw TL,First Lien,3805227.06,97.56,486.6,5.33,2024-08-18,2029-10-16,B1,0,0
A00181,CLO-GOLB-241,OB0119,Beacon Foods TL B-2,First Lien,2536808.18,98.36,469.2,5.33,2025-02-28,2028-12-04,B2,0,1
A00182,CLO-GOLB-241,OB0200,Summit Capital Term Loan C,First Lien,3535330.23,99.733,516.9,5.33,2024-09-09,2030-04-21,B3,0,1
A00183,CLO-GOLB-241,OB0006,Beacon Holdings Term Loan C,First Lien,2590858.7,99.248,513.1,5.33,2024-09-13,2030-02-01,B1,0,1
A00184,CLO-GOLB-241,OB0285,Ironwood Capital Term Loan C,First Lien,2614361.04,98.785,440.5,5.33,2025-04-27,2030-06-29,Ba2,0,1
A00185,CLO-GOLB-241,OB0284,Ridgeline Energy Term Loan A,First Lien,4307063.55,97.169,467.9,5.33,2024-07-19,2028-11-14,B2,0,1
A00186,CLO-GOLB-241,OB0004,Ironwood Devices TL B-2,First Lien,4426204.79,88.036,675.1,5.33,2024-10-26,2031-04-22,Caa2,0,1
A00187,CLO-GOLB-241,OB0011,Everest Logistics Term Loan C,First Lien,3873817.7,98.708,471.1,5.33,2025-01-05,2031-04-29,Ba2,0,0
A00188,CLO-GOLB-241,OB0118,Crestline Systems Term Loan A,First Lien,3810337.88,98.178,486.1,5.33,2025-03-02,2030-05-27,B2,0,1
A00189,CLO-GOLB-241,OB0143,Northwind Materials Term Loan C,First Lien,4354618.69,99.618,499.5,5.33,2024-11-08,2031-03-19,B1,0,1
A00190,CLO-GOLB-241,OB0099,Crestline Foods Term Loan A,First Lien,2578455.77,96.65,473.6,5.33,2025-03-28,2030-06-17,B2,0,1
A00191,CLO-GOLB-241,OB0220,Monarch Holdings Delayed Draw TL,First Lien,2635473.73,99.262,433.2,5.33,2024-09-30,2031-04-08,B1,0,1
A00192,CLO-GOLB-241,OB0153,Sterling Foods Term Loan B,First Lien,2440532.02,99.871,471.2,5.33,2024-09-09,2029-02-16,Ba2,0,1
A00193,CLO-GOLB-241,OB0084,Pinnacle Materials Term Loan B,First Lien,3679589.74,99.415,483.2,5.33,2024-08-20,2029-12-28,B1,0,1
A00194,CLO-GOLB-241,OB0027,Meridian Brands Term Loan C,First Lien,3924575.12,99.969,451.5,5.33,2024-08-05,2028-12-08,Ba1,0,1
A00195,CLO-GOLB-241,OB0124,Pioneer Partners Term Loan A,First Lien,2956262.28,100.017,413.2,5.33,2024-08-26,2031-02-06,Ba3,0,1
A00196,CLO-GOLB-241,OB0110,Vertex Health Delayed Draw TL,First Lien,1510011.86,97.296,512.8,5.33,2025-01-29,2029-11-12,B3,0,1
A00197,CLO-GOLB-241,OB0054,Cascade Industries Delayed Draw TL,First Lien,1787224.11,98.876,410.0,5.33,2025-03-12,2030-04-19,Ba2,0,1
A00198,CLO-GOLB-241,OB0294,Harbor Materials Delayed Draw TL,First Lien,1908244.86,99.255,419.7,5.33,2024-06-10,2029-03-17,Ba2,0,0
A00199,CLO-GOLB-241,OB0163,Sequoia Materials Delayed Draw TL,First Lien,3789820.6,97.4,498.2,5.33,2025-02-02,2028-10-22,B3,0,0
A00200,CLO-GOLB-241,OB0274,Granite Media Term Loan B,First Lien,4361660.87,97.029,426.2,5.33,2024-09-07,2029-06-17,Ba3,0,1
A00201,CLO-GOLB-241,OB0237,Vantage Pharma TL B-2,First Lien,4287983.16,97.602,529.4,5.33,2025-01-06,2029-06-17,B2,0,1
A00202,CLO-GOLB-241,OB0240,Meridian Materials TL B-2,First Lien,2331478.08,98.838,449.5,5.33,2025-02-27,2030-07-26,B2,0,1
A00203,CLO-GOLB-241,OB0070,Monarch Materials TL B-2,First Lien,2272042.83,97.845,473.7,5.33,2024-10-04,2029-06-26,B2,0,1
A00204,CLO-GOLB-241,OB0038,Clarion Pharma Term Loan B,First Lien,4316017.76,98.569,399.2,5.33,2025-03-19,2029-11-19,Ba1,0,1
A00205,CLO-GOLB-241,OB0112,Sterling Capital Delayed Draw TL,First Lien,3487352.71,100.49,387.7,5.33,2024-12-09,2029-11-03,Baa3,0,1
A00206,CLO-GOLB-241,OB0271,Sterling Pharma Term Loan C,Second Lien,3188982.89,97.873,818.0,5.33,2025-04-07,2030-12-14,B1,0,1
A00207,CLO-GOLB-241,OB0062,Cardinal Group Term Loan C,First Lien,4280848.4,97.18,508.0,5.33,2024-08-16,2029-07-29,B2,0,1
A00208,CLO-GOLB-241,OB0149,Beacon Media TL B-2,First Lien,1799653.47,99.552,465.3,5.33,2025-04-16,2029-01-01,B2,0,1
A00209,CLO-GOLB-241,OB0088,Redwood Pharma Term Loan C,First Lien,2090854.21,100.047,427.5,5.33,2024-10-13,2030-01-19,Ba2,0,0
A00210,CLO-GOLB-241,OB0269,Clarion Technologies Term Loan A,First Lien,2845566.71,100.277,486.0,5.33,2025-01-27,2029-02-01,B3,0,0
A00211,CLO-GOLB-241,OB0179,Bluepeak Technologies Term Loan A,First Lien,2574260.26,99.917,461.2,5.33,2024-11-07,2029-11-25,B2,0,0
A00212,CLO-GOLB-241,OB0059,Redwood Systems Term Loan B,Second Lien,4134848.29,91.798,941.2,5.33,2025-01-20,2029-09-07,Caa2,0,1
A00213,CLO-GOLB-241,OB0010,Meridian Capital Term Loan A,First Lien,1948881.44,44.026,548.1,5.33,2025-03-07,2030-11-23,B3,1,1
A00214,CLO-GOLB-241,OB0008,Meridian Group Delayed Draw TL,First Lien,3806247.75,98.235,467.4,5.33,2025-01-15,2029-10-29,B1,0,1
A00215,CLO-GOLB-241,OB0138,Cobalt Brands Term Loan C,First Lien,3038652.9,100.068,496.9,5.33,2024-08-21,2028-10-20,B1,0,1
A00216,CLO-CARL-231,OB0128,Harbor Group Term Loan C,First Lien,1983583.72,97.546,477.1,5.33,2024-05-14,2029-10-04,B2,0,1
A00217,CLO-CARL-231,OB0116,Clarion Holdings Term Loan C,Second Lien,3133818.9,97.853,782.7,5.33,2023-06-05,2028-11-20,Ba3,0,1
A00218,CLO-CARL-231,OB0177,Northwind Brands Term Loan C,First Lien,2328697.77,98.04,524.3,5.33,2024-02-25,2027-10-29,B2,0,1
A00219,CLO-CARL-231,OB0160,Monarch Technologies Delayed Draw TL,First Lien,4073596.98,98.483,408.9,5.33,2023-09-29,2028-05-07,Ba2,0,1
A00220,CLO-CARL-231,OB0067,Atlas Materials Term Loan B,First Lien,2403959.9,84.058,673.5,5.33,2023-12-09,2028-12-01,Caa2,0,1
A00221,CLO-CARL-231,OB0053,Concord Pharma Term Loan B,First Lien,2836349.99,96.975,473.6,5.33,2023-06-09,2028-10-21,B1,0,1
A00222,CLO-CARL-231,OB0197,Pinnacle Brands TL B-2,First Lien,3113766.35,98.917,484.5,5.33,2024-01-03,2029-04-01,B1,0,1
A00223,CLO-CARL-231,OB0258,Halyard Media Delayed Draw TL,Second Lien,3404695.57,96.717,824.7,5.33,2023-10-04,2029-03-30,B3,0,1
A00224,CLO-CARL-231,OB0157,Sterling Industries Term Loan A,First Lien,3222715.66,98.31,437.6,5.33,2023-04-19,2028-08-18,B1,0,1
A00225,CLO-CARL-231,OB0086,Titan Devices Term Loan A,First Lien,3308485.68,97.996,458.4,5.33,2023-12-26,2028-01-25,B2,0,1
A00226,CLO-CARL-231,OB0034,Vantage Solutions Delayed Draw TL,First Lien,3585437.14,97.284,490.5,5.33,2023-08-06,2028-12-15,B3,0,1
A00227,CLO-CARL-231,OB0024,Atlas Solutions Term Loan C,First Lien,2181130.12,96.686,505.8,5.33,2023-06-20,2029-11-02,B2,0,0
A00228,CLO-CARL-231,OB0153,Sterling Foods Term Loan B,First Lien,2859985.17,100.355,394.4,5.33,2024-01-26,2030-04-18,Ba2,0,1
A00229,CLO-CARL-231,OB0149,Beacon Media Term Loan A,First Lien,3184981.87,100.141,511.1,5.33,2024-04-26,2029-12-16,B2,0,1
A00230,CLO-CARL-231,OB0234,Meridian Systems Term Loan C,First Lien,2681925.9,98.516,463.4,5.33,2024-04-06,2029-10-23,B1,0,1
A00231,CLO-CARL-231,OB0267,Halyard Systems Term Loan C,First Lien,2708551.01,99.719,492.0,5.33,2024-04-10,2030-02-27,B3,0,1
A00232,CLO-CARL-231,OB0269,Clarion Technologies Term Loan A,First Lien,2456770.38,99.347,563.8,5.33,2023-07-29,2028-04-05,B3,0,1
A00233,CLO-CARL-231,OB0173,Redwood Logistics Term Loan A,First Lien,2435566.71,100.425,452.5,5.33,2023-12-31,2029-03-12,Ba2,0,1
A00234,CLO-CARL-231,OB0223,Concord Holdings Delayed Draw TL,First Lien,2516481.79,98.421,462.0,5.33,2024-03-28,2029-10-08,Ba3,0,0
A00235,CLO-CARL-231,OB0069,Ridgeline Materials Delayed Draw TL,First Lien,3054665.72,96.551,420.2,5.33,2023-07-01,2027-10-28,Ba3,0,1
A00236,CLO-CARL-231,OB0176,Titan Group Term Loan B,First Lien,2204852.73,97.646,433.2,5.33,2024-04-05,2029-11-15,Ba3,0,1
A00237,CLO-CARL-231,OB0251,Cobalt Capital Term Loan C,First Lien,3613636.3,96.91,526.9,5.33,2023-08-10,2029-10-03,B2,0,1
A00238,CLO-CARL-231,OB0184,Vertex Systems Term Loan B,First Lien,2685694.29,99.285,511.2,5.33,2023-10-30,2028-10-04,B2,0,1
A00239,CLO-CARL-231,OB0097,Cobalt Networks Term Loan A,First Lien,3701461.01,96.715,495.7,5.33,2024-02-29,2030-02-09,B1,0,1
A00240,CLO-CARL-231,OB0085,Vertex Partners Term Loan C,First Lien,3910114.19,99.319,487.1,5.33,2024-01-22,2029-09-29,B1,0,1
A00241,CLO-CARL-231,OB0207,Cobalt Technologies Term Loan A,Second Lien,3671018.44,97.21,750.8,5.33,2023-07-15,2029-09-25,Baa3,0,1
A00242,CLO-CARL-231,OB0010,Meridian Capital TL B-2,First Lien,2655954.85,97.02,532.2,5.33,2023-04-20,2028-08-07,B3,0,1
A00243,CLO-CARL-231,OB0117,Aegis Energy Term Loan C,First Lien,4081543.05,98.888,518.4,5.33,2024-03-21,2028-07-08,B2,0,1
A00244,CLO-CARL-231,OB0115,Cardinal Technologies Term Loan A,First Lien,3153320.71,97.771,499.4,5.33,2024-01-09,2027-11-12,B3,0,1
A00245,CLO-CARL-231,OB0068,Granite Health TL B-2,First Lien,2101725.44,97.898,508.3,5.33,2023-10-04,2028-09-07,B1,0,1
A00246,CLO-CARL-231,OB0109,Sequoia Technologies Term Loan B,First Lien,4114145.87,98.745,516.5,5.33,2023-06-15,2029-07-19,B2,0,1
A00247,CLO-CARL-231,OB0012,Sable Networks TL B-2,First Lien,2307760.03,97.475,432.4,5.33,2023-10-30,2030-03-29,B1,0,1
A00248,CLO-CARL-231,OB0259,Atlas Energy TL B-2,First Lien,1984694.45,96.599,526.1,5.33,2024-01-06,2029-12-04,B3,0,1
A00249,CLO-CARL-231,OB0087,Cascade Materials Term Loan B,First Lien,2934831.81,97.781,385.0,5.33,2023-07-12,2030-05-25,Ba1,0,0
A00250,CLO-CARL-231,OB0064,Pinnacle Group Delayed Draw TL,First Lien,3065026.37,99.181,480.3,5.33,2023-06-10,2028-04-01,Ba3,0,1
A00251,CLO-CARL-231,OB0188,Cobalt Media Term Loan A,Second Lien,3484253.48,88.345,940.4,5.33,2023-04-30,2028-12-17,Caa1,0,1
A00252,CLO-CARL-231,OB0020,Pinnacle Energy Term Loan A,First Lien,1792627.49,97.508,435.1,5.33,2023-08-28,2028-10-25,B1,0,1
A00253,CLO-CARL-231,OB0193,Harbor Foods Term Loan C,First Lien,3299723.16,99.193,496.9,5.33,2023-05-20,2029-10-17,B2,0,1
A00254,CLO-CARL-231,OB0131,Redwood Materials TL B-2,First Lien,1812042.24,98.511,390.5,5.33,2024-02-22,2027-12-01,Baa3,0,1
A00255,CLO-CARL-231,OB0025,Sequoia Energy Term Loan A,First Lien,4054055.02,96.623,391.7,5.33,2023-06-26,2029-10-07,Ba1,0,1
A00256,CLO-CARL-231,OB0261,Sterling Energy TL B-2,First Lien,3725309.39,97.076,509.8,5.33,2023-04-23,2029-03-23,B2,0,0
A00257,CLO-CARL-231,OB0056,Cobalt Solutions Term Loan B,First Lien,2055935.77,98.076,528.9,5.33,2023-09-21,2028-04-06,B3,0,1
A00258,CLO-CARL-231,OB0011,Everest Logistics Term Loan A,First Lien,3995167.36,99.084,440.1,5.33,2023-07-21,2028-04-17,Ba2,0,1
A00259,CLO-CARL-231,OB0260,Sterling Materials Term Loan C,First Lien,2339294.42,98.769,398.9,5.33,2023-12-10,2029-06-25,Ba2,0,1
A00260,CLO-CARL-231,OB0060,Granite Networks TL B-2,First Lien,2435752.88,99.402,523.4,5.33,2023-10-17,2028-01-13,B3,0,1
A00261,CLO-CARL-231,OB0107,Crestline Group TL B-2,First Lien,2292964.57,97.274,472.5,5.33,2024-02-27,2029-07-10,B1,0,1
A00262,CLO-CARL-231,OB0114,Sequoia Systems Term Loan B,First Lien,3182562.76,97.765,487.3,5.33,2023-09-25,2028-05-13,B2,0,1
A00263,CLO-CARL-231,OB0098,Atlas Holdings TL B-2,First Lien,3508313.49,97.938,510.0,5.33,2023-12-19,2028-12-20,B2,0,1
A00264,CLO-CARL-231,OB0032,Ironwood Group TL B-2,First Lien,3667507.8,99.082,401.4,5.33,2023-06-28,2030-03-04,Ba2,0,1
A00265,CLO-CARL-231,OB0141,Beacon Brands Term Loan C,First Lien,2365991.93,96.802,366.1,5.33,2024-03-06,2027-10-05,Baa3,0,1
A00266,CLO-CARL-231,OB0065,Keystone Brands Term Loan C,First Lien,3169156.22,96.647,472.3,5.33,2023-12-15,2029-07-04,B2,0,1
A00267,CLO-CARL-231,OB0122,Everest Technologies Delayed Draw TL,First Lien,2627001.2,99.433,505.8,5.33,2023-12-30,2029-02-07,B3,0,1
A00268,CLO-CARL-231,OB0180,Granite Devices Term Loan A,First Lien,2622031.91,100.356,517.2,5.33,2024-05-09,2029-02-11,B1,0,1
A00269,CLO-CARL-231,OB0040,Aegis Systems Delayed Draw TL,First Lien,2101348.68,99.989,442.0,5.33,2023-10-18,2027-10-15,B1,0,1
A00270,CLO-CARL-231,OB0295,Bluepeak Partners TL B-2,First Lien,2936962.55,96.671,447.4,5.33,2023-11-02,2028-12-27,B1,0,0
A00271,CLO-CARL-231,OB0178,Atlas Capital TL B-2,First Lien,3939205.98,96.913,536.0,5.33,2024-05-01,2028-05-30,B2,0,1
A00272,CLO-CARL-231,OB0280,Halyard Brands Term Loan B,First Lien,3146917.01,98.851,529.6,5.33,2024-01-07,2028-05-18,B2,0,1
A00273,CLO-CARL-231,OB0162,Crestline Partners Delayed Draw TL,First Lien,4004571.39,91.884,574.6,5.33,2024-02-21,2027-09-10,Caa1,0,1
A00274,CLO-CARL-231,OB0003,Cobalt Foods Term Loan A,First Lien,2049815.19,99.074,447.8,5.33,2023-07-07,2028-09-08,B1,0,1
A00275,CLO-CARL-231,OB0078,Concord Foods Delayed Draw TL,First Lien,3774849.01,83.284,541.0,5.33,2023-12-19,2028-04-06,Caa1,0,1
A00276,CLO-CARL-231,OB0108,Granite Pharma Term Loan A,First Lien,3343083.85,97.012,482.1,5.33,2024-03-05,2029-02-09,B1,0,1
A00277,CLO-CARL-231,OB0170,Ridgeline Pharma Term Loan C,First Lien,3152283.41,97.22,515.0,5.33,2024-01-31,2029-06-17,B1,0,1
A00278,CLO-CARL-231,OB0026,Sable Partners Delayed Draw TL,First Lien,3527009.8,96.843,469.2,5.33,2023-12-20,2028-02-25,B1,0,1
A00279,CLO-CARL-231,OB0239,Ironwood Partners Term Loan C,First Lien,2741365.09,99.57,504.9,5.33,2023-08-31,2028-02-22,B2,0,1
A00280,CLO-CARL-231,OB0134,Pioneer Media Term Loan B,First Lien,2568106.29,97.419,463.5,5.33,2023-04-26,2028-03-29,B1,0,1
A00281,CLO-CARL-231,OB0070,Monarch Materials Term Loan C,First Lien,4009906.37,98.922,464.8,5.33,2024-02-19,2027-10-13,B2,0,0
A00282,CLO-CARL-231,OB0297,Monarch Solutions Term Loan C,First Lien,3048373.93,99.138,530.0,5.33,2023-04-18,2030-03-10,B2,0,0
A00283,CLO-CARL-231,OB0156,Summit Foods Delayed Draw TL,First Lien,3422722.24,99.999,511.6,5.33,2023-08-13,2030-04-21,B2,0,1
A00284,CLO-CARL-231,OB0248,Vertex Networks Term Loan C,First Lien,3705135.19,99.466,462.5,5.33,2023-06-07,2028-11-12,Ba2,0,1
A00285,CLO-CARL-231,OB0036,Sable Logistics Delayed Draw TL,First Lien,2910244.58,97.633,527.7,5.33,2023-08-27,2028-03-15,B2,0,1
A00286,CLO-CARL-231,OB0240,Meridian Materials Term Loan A,First Lien,3588324.45,98.579,482.6,5.33,2024-04-04,2029-12-05,B2,0,1
A00287,CLO-CARL-231,OB0213,Sterling Media Delayed Draw TL,First Lien,2617971.72,97.515,525.7,5.33,2024-02-01,2028-09-12,B2,0,1
A00288,CLO-CARL-231,OB0027,Meridian Brands Term Loan A,First Lien,4219711.85,98.708,427.8,5.33,2023-10-24,2029-03-29,Ba1,0,1
A00289,CLO-CARL-231,OB0262,Everest Devices Term Loan B,First Lien,2341930.02,99.322,515.0,5.33,2024-05-04,2028-04-26,B2,0,1
A00290,CLO-CARL-231,OB0185,Northwind Industries Term Loan C,First Lien,3475522.74,98.102,510.1,5.33,2024-02-26,2029-08-17,B3,0,1
A00291,CLO-CARL-231,OB0159,Concord Health Delayed Draw TL,First Lien,1828671.94,99.717,502.9,5.33,2024-02-19,2028-11-22,B1,0,1
A00292,CLO-CARL-231,OB0031,Summit Partners Delayed Draw TL,First Lien,2365628.97,99.398,512.6,5.33,2024-02-26,2029-07-06,B1,0,1
A00293,CLO-CARL-231,OB0073,Vantage Technologies Delayed Draw TL,First Lien,3506803.95,99.781,486.4,5.33,2023-04-23,2028-03-28,B1,0,0
A00294,CLO-CARL-231,OB0030,Vantage Devices Term Loan A,First Lien,4064404.36,99.636,494.7,5.33,2024-02-26,2028-02-24,B2,0,1
A00295,CLO-CARL-231,OB0201,Ridgeline Brands Delayed Draw TL,First Lien,2611535.06,96.847,453.6,5.33,2023-10-15,2029-07-20,B1,0,1
A00296,CLO-CARL-231,OB0028,Bluepeak Materials TL B-2,First Lien,3187423.05,96.774,418.8,5.33,2024-04-23,2029-12-31,Ba3,0,1
A00297,CLO-CARL-231,OB0300,Bluepeak Energy Delayed Draw TL,First Lien,3179414.08,97.405,515.5,5.33,2023-11-10,2029-04-14,B1,0,1
A00298,CLO-CARL-231,OB0051,Pinnacle Industries Term Loan B,First Lien,2141580.84,98.513,479.4,5.33,2024-01-05,2030-05-10,B2,0,1
A00299,CLO-CARL-231,OB0233,Titan Systems Delayed Draw TL,First Lien,3064844.6,98.271,398.3,5.33,2024-05-16,2028-05-10,Baa3,0,1
A00300,CLO-CARL-231,OB0052,Beacon Energy Term Loan B,First Lien,4141956.73,98.847,366.9,5.33,2023-08-28,2027-11-12,Baa3,0,1
A00301,CLO-CARL-231,OB0200,Summit Capital TL B-2,First Lien,3702846.38,99.701,516.7,5.33,2024-01-07,2029-03-05,B3,0,1
A00302,CLO-CARL-231,OB0271,Sterling Pharma Term Loan B,First Lien,3813578.99,99.195,502.7,5.33,2024-01-26,2030-04-14,B1,0,1
A00303,CLO-CARL-231,OB0229,Cobalt Group Term Loan A,First Lien,2494832.91,97.231,461.2,5.33,2023-12-29,2029-09-27,Ba2,0,1
A00304,CLO-CARL-231,OB0236,Meridian Logistics Term Loan C,First Lien,3567418.53,97.311,502.1,5.33,2023-10-17,2028-02-10,B3,0,1
A00305,CLO-CARL-231,OB0216,Titan Materials Term Loan C,First Lien,2001244.07,98.471,429.4,5.33,2023-05-09,2030-01-19,B1,0,1
A00306,CLO-CARL-231,OB0092,Sequoia Solutions Delayed Draw TL,First Lien,3275425.18,100.088,455.8,5.33,2023-07-20,2029-10-25,Ba1,0,0
A00307,CLO-CARL-231,OB0181,Aegis Technologies Delayed Draw TL,First Lien,2409327.18,96.717,500.7,5.33,2024-01-19,2027-10-07,B1,0,1
A00308,CLO-CARL-231,OB0105,Crestline Solutions Delayed Draw TL,First Lien,2697984.15,100.406,427.2,5.33,2023-09-26,2029-08-09,Baa3,0,1
A00309,CLO-CARL-231,OB0076,Atlas Networks Term Loan A,First Lien,3411383.87,97.946,506.4,5.33,2024-01-23,2028-05-30,B1,0,1
A00310,CLO-CARL-231,OB0042,Cardinal Media TL B-2,First Lien,2895497.86,98.495,467.7,5.33,2023-10-21,2030-01-25,B2,0,1
A00311,CLO-CARL-231,OB0293,Cobalt Devices TL B-2,First Lien,2843042.66,99.244,522.1,5.33,2023-08-16,2029-03-25,B2,0,1
A00312,CLO-CARL-231,OB0279,Pinnacle Health Term Loan A,First Lien,2665331.16,97.098,521.3,5.33,2023-11-19,2029-01-27,B2,0,1
A00313,CLO-CARL-231,OB0219,Meridian Energy TL B-2,First Lien,3969021.73,97.763,523.4,5.33,2024-01-30,2030-01-30,B3,0,1
A00314,CLO-CARL-231,OB0054,Cascade Industries Term Loan B,First Lien,2709904.37,99.755,436.9,5.33,2023-12-04,2029-10-05,Ba2,0,1
A00315,CLO-CARL-231,OB0298,Granite Brands Term Loan B,First Lien,2614644.31,97.531,450.6,5.33,2023-10-14,2030-02-08,B2,0,1
A00316,CLO-CARL-231,OB0124,Pioneer Partners TL B-2,First Lien,3237027.31,98.654,498.8,5.33,2023-10-16,2028-08-01,Ba3,0,1
A00317,CLO-CARL-231,OB0276,Ridgeline Devices Term Loan A,First Lien,2936584.95,98.024,505.4,5.33,2023-07-12,2029-06-20,B3,0,1
A00318,CLO-CARL-231,OB0061,Monarch Brands Term Loan A,First Lien,2554664.6,99.896,370.8,5.33,2023-10-10,2028-04-24,Baa3,0,1
A00319,CLO-CARL-231,OB0001,Monarch Partners TL B-2,First Lien,3357723.67,98.082,508.7,5.33,2024-05-04,2029-04-27,B1,0,1
A00320,CLO-CARL-231,OB0004,Ironwood Devices TL B-2,First Lien,2841922.29,80.001,621.1,5.33,2024-05-02,2029-08-21,Caa2,0,1
A00321,CLO-CARL-231,OB0172,Aegis Devices Term Loan B,First Lien,2231998.56,100.247,491.4,5.33,2023-05-01,2029-11-01,B2,0,1
A00322,CLO-CARL-231,OB0023,Redwood Media Delayed Draw TL,First Lien,3642648.02,97.121,469.6,5.33,2023-09-23,2028-04-25,Ba3,0,1
A00323,CLO-CARL-231,OB0029,Aegis Brands TL B-2,First Lien,2419272.17,99.854,413.2,5.33,2023-10-01,2030-02-04,Ba3,0,1
A00324,CLO-CARL-231,OB0147,Northwind Partners Term Loan C,First Lien,4176923.23,98.279,536.1,5.33,2023-07-17,2029-05-01,B2,0,1
A00325,CLO-CARL-231,OB0195,Aegis Capital TL B-2,First Lien,3301835.63,98.594,537.2,5.33,2023-10-12,2029-01-09,B3,0,1
A00326,CLO-CARL-231,OB0127,Concord Industries Term Loan B,First Lien,3743687.6,97.539,506.9,5.33,2024-01-10,2029-12-16,B3,0,1
A00327,CLO-CARL-231,OB0039,Cobalt Industries Delayed Draw TL,First Lien,2043027.25,99.251,438.3,5.33,2023-09-18,2027-09-13,Ba2,0,1
A00328,CLO-CARL-231,OB0289,Ironwood Brands Term Loan C,First Lien,3726531.1,98.693,465.8,5.33,2023-11-27,2028-10-12,B2,0,1
A00329,CLO-CARL-231,OB0227,Redwood Partners Term Loan A,First Lien,3515282.09,97.382,486.7,5.33,2024-01-07,2029-10-25,B3,0,1
A00330,CLO-CARL-231,OB0264,Atlas Industries TL B-2,First Lien,3256466.6,99.094,476.7,5.33,2023-11-15,2028-03-14,B1,0,0
A00331,CLO-CARL-231,OB0238,Harbor Partners Term Loan C,First Lien,2160338.76,98.971,473.3,5.33,2023-12-25,2028-03-14,B2,0,1
A00332,CLO-CARL-231,OB0066,Sterling Partners Term Loan A,Second Lien,2083352.22,100.389,761.0,5.33,2024-04-18,2028-11-25,Ba3,0,1
A00333,CLO-CARL-231,OB0165,Sable Holdings Delayed Draw TL,First Lien,2288582.31,97.868,392.4,5.33,2023-10-25,2028-12-21,Baa3,0,1
A00334,CLO-CARL-231,OB0256,Redwood Devices Delayed Draw TL,First Lien,1776981.81,97.084,452.8,5.33,2023-05-24,2029-03-13,B1,0,1
A00335,CLO-CARL-231,OB0273,Summit Logistics Term Loan A,First Lien,2185235.5,99.813,439.8,5.33,2023-11-01,2029-11-01,B1,0,0
A00336,CLO-CARL-231,OB0275,Atlas Group Term Loan A,Second Lien,2325098.01,99.441,744.1,5.33,2023-12-16,2028-10-06,Ba3,0,1
A00337,CLO-CARL-231,OB0214,Crestline Logistics Term Loan C,First Lien,2490346.18,96.669,448.8,5.33,2023-06-19,2028-05-20,Baa3,0,1
A00338,CLO-CARL-231,OB0119,Beacon Foods Term Loan A,First Lien,2456515.82,99.167,536.4,5.33,2024-03-07,2028-11-21,B2,0,1
A00339,CLO-CARL-231,OB0013,Aegis Partners Term Loan B,First Lien,2122054.42,99.657,480.4,5.33,2024-02-09,2029-11-14,B3,0,1
A00340,CLO-CARL-231,OB0226,Vertex Technologies Term Loan C,First Lien,3447776.89,97.495,409.4,5.33,2023-10-08,2030-04-14,Baa3,0,0
A00341,CLO-CARL-231,OB0045,Vertex Capital Term Loan B,First Lien,3628816.43,97.116,458.9,5.33,2023-06-21,2029-01-15,Ba3,0,1
A00342,CLO-CARL-231,OB0205,Pinnacle Logistics Term Loan A,First Lien,4193955.52,99.722,468.3,5.33,2023-04-28,2029-08-09,B1,0,1
A00343,CLO-CARL-231,OB0075,Harbor Pharma Term Loan C,First Lien,3539354.61,99.327,414.7,5.33,2024-04-08,2029-01-17,Baa3,0,1
A00344,CLO-CARL-231,OB0093,Sterling Brands Term Loan C,First Lien,2171074.77,97.601,554.4,5.33,2023-07-09,2027-11-13,B3,0,1
A00345,CLO-CARL-231,OB0081,Cascade Capital Term Loan C,First Lien,2839621.04,98.316,463.8,5.33,2023-10-29,2029-09-24,Ba2,0,1
A00346,CLO-CARL-231,OB0110,Vertex Health Term Loan C,First Lien,1743861.36,97.455,544.5,5.33,2023-11-02,2028-03-16,B3,0,1
A00347,CLO-CARL-231,OB0222,Cascade Health Term Loan B,First Lien,2962169.42,97.79,468.3,5.33,2023-06-06,2029-02-20,Ba3,0,1
A00348,CLO-CARL-231,OB0257,Cascade Solutions Term Loan A,First Lien,1807616.11,96.625,489.2,5.33,2023-06-07,2027-10-06,B3,0,1
A00349,CLO-CARL-231,OB0284,Ridgeline Energy TL B-2,First Lien,3824068.01,99.305,471.8,5.33,2023-08-09,2029-05-16,B2,0,1
A00350,CLO-CARL-231,OB0242,Harbor Holdings Delayed Draw TL,First Lien,1729527.16,100.214,523.7,5.33,2024-03-10,2027-11-05,B2,0,1
A00351,CLO-CARL-231,OB0231,Redwood Brands Term Loan C,First Lien,3587896.39,99.677,454.0,5.33,2023-09-01,2029-02-26,B2,0,1
A00352,CLO-CARL-231,OB0044,Titan Foods Term Loan A,First Lien,1875323.4,100.342,402.7,5.33,2024-01-15,2028-10-02,Ba2,0,1
A00353,CLO-CARL-231,OB0199,Aegis Media Delayed Draw TL,First Lien,3035046.81,97.216,516.2,5.33,2024-05-04,2027-12-21,B2,0,1
A00354,CLO-CARL-231,OB0210,Northwind Holdings Term Loan A,First Lien,3163209.75,98.208,438.2,5.33,2024-01-24,2028-10-19,B1,0,1
A00355,CLO-CARL-231,OB0113,Northwind Networks Term Loan C,First Lien,3369221.03,100.234,475.2,5.33,2023-10-01,2030-01-16,Ba2,0,1
A00356,CLO-CARL-231,OB0286,Ridgeline Systems Term Loan A,First Lien,3640582.0,98.934,479.5,5.33,2023-10-27,2029-10-27,B1,0,1
A00357,CLO-CARL-231,OB0281,Pioneer Health Term Loan B,First Lien,3590697.48,100.339,394.0,5.33,2023-09-10,2029-05-06,Ba2,0,1
A00358,CLO-CARL-231,OB0265,Keystone Group TL B-2,First Lien,2039936.52,67.485,550.1,5.33,2023-04-29,2029-11-02,Caa1,1,1
A00359,CLO-CARL-231,OB0096,Pioneer Group Term Loan A,First Lien,3451116.71,98.725,562.9,5.33,2023-06-05,2027-10-12,B3,0,1
A00360,CLO-CARL-231,OB0088,Redwood Pharma TL B-2,First Lien,2093422.25,97.499,417.1,5.33,2023-06-04,2029-04-10,Ba2,0,1
A00361,CLO-CARL-231,OB0047,Titan Solutions Term Loan C,First Lien,4031641.66,99.672,409.6,5.33,2023-06-05,2029-05-05,Ba2,0,1
A00362,CLO-CARL-231,OB0169,Titan Media TL B-2,First Lien,1791317.87,99.62,531.8,5.33,2023-10-13,2030-02-20,B2,0,1
A00363,CLO-CARL-231,OB0103,Crestline Technologies Term Loan C,First Lien,2756007.45,97.407,507.6,5.33,2023-04-23,2029-06-14,B2,0,1
A00364,CLO-CARL-231,OB0288,Cascade Technologies Term Loan C,First Lien,2669411.23,98.66,442.3,5.33,2024-04-09,2028-04-17,B1,0,1
A00365,CLO-CARL-231,OB0209,Summit Materials Term Loan B,Second Lien,3410193.57,99.511,856.4,5.33,2023-08-09,2028-11-19,B3,0,1
A00366,CLO-CARL-231,OB0235,Harbor Technologies Delayed Draw TL,First Lien,2699524.7,98.786,415.1,5.33,2023-08-30,2027-11-30,Ba3,0,1
A00367,CLO-CARL-231,OB0099,Crestline Foods Delayed Draw TL,First Lien,2801727.85,98.424,466.6,5.33,2024-03-16,2029-04-11,B2,0,1
A00368,CLO-CARL-231,OB0123,Meridian Health TL B-2,First Lien,3263541.45,96.787,518.7,5.33,2024-04-02,2030-04-07,B2,0,1
A00369,CLO-CARL-231,OB0230,Everest Pharma Term Loan B,First Lien,1982546.62,97.262,510.6,5.33,2024-05-16,2028-07-12,B3,0,1
A00370,CLO-CARL-231,OB0043,Cascade Partners Term Loan A,First Lien,2586031.54,98.993,468.4,5.33,2023-07-29,2029-08-05,B1,0,1
A00371,CLO-CARL-231,OB0263,Crestline Health Term Loan A,First Lien,3624169.47,96.718,534.2,5.33,2023-09-12,2027-09-18,B2,0,1
A00372,CLO-CARL-231,OB0290,Cobalt Partners Term Loan A,First Lien,3742601.19,97.828,444.2,5.33,2023-07-31,2029-03-16,Ba1,0,1
A00373,CLO-CARL-231,OB0016,Vantage Networks Term Loan B,First Lien,2354347.35,97.065,491.7,5.33,2023-10-27,2029-04-22,B1,0,0
A00374,CLO-CARL-231,OB0041,Sable Media TL B-2,First Lien,3036591.4,97.303,427.1,5.33,2023-05-15,2028-12-23,Baa3,0,1
A00375,CLO-CARL-231,OB0228,Vertex Devices Term Loan B,First Lien,1717436.58,99.908,453.4,5.33,2023-04-27,2028-06-29,Ba2,0,0
A00376,CLO-CARL-231,OB0255,Granite Solutions TL B-2,First Lien,3348559.06,100.406,419.6,5.33,2023-12-22,2030-02-07,Ba3,0,1
A00377,CLO-CARL-231,OB0215,Atlas Foods Term Loan B,First Lien,1920186.71,98.743,543.7,5.33,2023-08-22,2030-04-05,B3,0,1
A00378,CLO-CARL-231,OB0161,Vertex Solutions TL B-2,First Lien,2544948.55,97.887,480.5,5.33,2023-08-16,2029-01-29,B2,0,1
A00379,CLO-CARL-231,OB0155,Sable Group Term Loan C,First Lien,1854005.75,100.5,537.9,5.33,2023-09-08,2028-04-21,B2,0,1
A00380,CLO-CARL-231,OB0253,Sequoia Holdings Term Loan C,First Lien,3978957.16,98.029,566.1,5.33,2024-03-03,2029-08-06,B3,0,1
A00381,CLO-CARL-231,OB0243,Bluepeak Holdings Term Loan C,First Lien,2307792.93,100.139,458.4,5.33,2023-06-24,2028-04-02,B1,0,1
A00382,CLO-CARL-231,OB0008,Meridian Group Term Loan C,First Lien,3174575.46,97.052,490.8,5.33,2023-06-26,2028-11-17,B1,0,0
A00383,CLO-CARL-231,OB0144,Sterling Networks Term Loan C,First Lien,4178946.91,100.168,406.2,5.33,2024-01-15,2030-05-02,Ba1,0,1
A00384,CLO-CARL-231,OB0139,Sterling Logistics Delayed Draw TL,First Lien,2164735.49,96.618,457.5,5.33,2023-11-14,2028-07-10,B1,0,1
A00385,CLO-CARL-231,OB0125,Cardinal Brands Term Loan B,First Lien,4072063.0,82.381,670.1,5.33,2023-06-24,2028-03-11,Caa2,0,1
A00386,CLO-ARES-222,OB0137,Keystone Media Term Loan A,First Lien,2622398.78,96.523,457.0,5.33,2023-01-16,2028-10-07,Ba1,0,1
A00387,CLO-ARES-222,OB0291,Monarch Devices TL B-2,First Lien,2611758.16,96.526,508.2,5.33,2023-08-10,2028-11-17,B1,0,1
A00388,CLO-ARES-222,OB0119,Beacon Foods Term Loan B,First Lien,3417834.22,99.113,452.1,5.33,2023-09-03,2028-09-26,B2,0,1
A00389,CLO-ARES-222,OB0298,Granite Brands TL B-2,First Lien,2274809.52,98.168,464.8,5.33,2023-08-05,2028-12-20,B2,0,1
A00390,CLO-ARES-222,OB0297,Monarch Solutions Term Loan B,First Lien,2918186.77,98.321,500.9,5.33,2022-11-13,2029-04-09,B2,0,1
A00391,CLO-ARES-222,OB0014,Ridgeline Logistics TL B-2,First Lien,2426966.37,98.209,478.3,5.33,2023-05-26,2027-06-30,B1,0,1
A00392,CLO-ARES-222,OB0184,Vertex Systems Term Loan B,First Lien,3491941.46,97.339,467.6,5.33,2022-11-21,2028-09-20,B2,0,1
A00393,CLO-ARES-222,OB0041,Sable Media TL B-2,Second Lien,2991977.62,99.255,773.5,5.33,2023-05-03,2028-10-28,Baa3,0,1
A00394,CLO-ARES-222,OB0245,Sterling Systems Delayed Draw TL,First Lien,2190665.07,100.208,465.9,5.33,2023-06-20,2029-02-28,Ba3,0,1
A00395,CLO-ARES-222,OB0069,Ridgeline Materials Term Loan B,First Lien,2695868.9,99.334,498.8,5.33,2022-11-26,2027-03-09,Ba3,0,1
A00396,CLO-ARES-222,OB0258,Halyard Media Term Loan B,First Lien,3355954.32,98.961,516.9,5.33,2023-03-16,2028-02-06,B3,0,1
A00397,CLO-ARES-222,OB0241,Summit Solutions TL B-2,First Lien,3010474.24,97.627,499.9,5.33,2023-02-27,2028-07-15,B1,0,1
A00398,CLO-ARES-222,OB0192,Sterling Holdings Term Loan B,First Lien,3291514.16,98.084,445.2,5.33,2022-12-25,2027-08-30,Ba2,0,1
A00399,CLO-ARES-222,OB0095,Cascade Devices Delayed Draw TL,First Lien,2360502.71,99.689,422.5,5.33,2022-12-15,2028-11-16,Baa3,0,1
A00400,CLO-ARES-222,OB0199,Aegis Media Term Loan B,First Lien,3504561.36,99.757,532.3,5.33,2023-06-20,2027-12-16,B2,0,1
A00401,CLO-ARES-222,OB0252,Clarion Foods TL B-2,First Lien,3098768.42,98.81,478.7,5.33,2022-10-30,2029-11-01,B2,0,1
A00402,CLO-ARES-222,OB0243,Bluepeak Holdings Term Loan C,First Lien,3451435.69,98.637,443.7,5.33,2023-04-14,2027-08-23,B1,0,1
A00403,CLO-ARES-222,OB0071,Keystone Foods Delayed Draw TL,First Lien,3503193.01,83.032,533.6,5.33,2022-11-10,2028-07-05,Caa1,0,0
A00404,CLO-ARES-222,OB0084,Pinnacle Materials TL B-2,First Lien,2433506.19,98.6,444.6,5.33,2022-10-16,2029-04-19,B1,0,1
A00405,CLO-ARES-222,OB0099,Crestline Foods TL B-2,First Lien,1828202.9,100.12,462.7,5.33,2023-06-01,2029-03-04,B2,0,0
A00406,CLO-ARES-222,OB0116,Clarion Holdings Term Loan C,First Lien,2300666.26,96.893,499.0,5.33,2023-09-08,2027-06-28,Ba3,0,1
A00407,CLO-ARES-222,OB0017,Cardinal Pharma Term Loan B,First Lien,1706587.46,96.963,422.0,5.33,2023-09-13,2029-06-30,Ba2,0,1
A00408,CLO-ARES-222,OB0210,Northwind Holdings TL B-2,First Lien,1816208.27,98.582,488.1,5.33,2022-10-08,2028-09-26,B1,0,1
A00409,CLO-ARES-222,OB0008,Meridian Group Delayed Draw TL,First Lien,3013397.5,97.646,476.7,5.33,2023-09-05,2027-06-13,B1,0,1
A00410,CLO-ARES-222,OB0139,Sterling Logistics Term Loan C,First Lien,1968999.21,98.739,438.0,5.33,2023-03-25,2028-08-28,B1,0,1
A00411,CLO-ARES-222,OB0212,Monarch Foods Term Loan C,First Lien,1934415.87,97.479,400.4,5.33,2023-03-19,2028-08-19,Ba2,0,1
A00412,CLO-ARES-222,OB0114,Sequoia Systems Delayed Draw TL,First Lien,1909501.51,96.924,453.6,5.33,2023-04-15,2027-08-15,B2,0,1
A00413,CLO-ARES-222,OB0104,Halyard Energy TL B-2,First Lien,3561085.54,98.283,480.8,5.33,2023-01-06,2029-02-12,B2,0,1
A00414,CLO-ARES-222,OB0105,Crestline Solutions Term Loan B,First Lien,3383221.6,99.558,415.5,5.33,2023-09-19,2028-06-06,Baa3,0,1
A00415,CLO-ARES-222,OB0034,Vantage Solutions Term Loan A,First Lien,2300737.8,98.382,564.9,5.33,2023-08-08,2027-11-04,B3,0,0
A00416,CLO-ARES-222,OB0091,Sequoia Brands Delayed Draw TL,First Lien,2477970.72,99.655,559.0,5.33,2023-06-03,2027-03-15,B3,0,1
A00417,CLO-ARES-222,OB0225,Harbor Networks Term Loan C,First Lien,1872210.9,97.629,460.2,5.33,2022-12-01,2028-07-17,B1,0,1
A00418,CLO-ARES-222,OB0251,Cobalt Capital Term Loan C,First Lien,3401128.32,99.098,520.1,5.33,2023-05-21,2028-03-29,B2,0,1
A00419,CLO-ARES-222,OB0167,Monarch Media Term Loan A,First Lien,2144917.37,98.429,454.7,5.33,2023-09-17,2028-10-10,B2,0,1
A00420,CLO-ARES-222,OB0235,Harbor Technologies Term Loan B,First Lien,3754036.01,99.277,426.2,5.33,2023-10-10,2029-09-23,Ba3,0,1
A00421,CLO-ARES-222,OB0127,Concord Industries Delayed Draw TL,First Lien,3442776.48,97.802,488.4,5.33,2022-12-26,2027-12-25,B3,0,0
A00422,CLO-ARES-222,OB0219,Meridian Energy Delayed Draw TL,First Lien,1778307.3,99.585,513.7,5.33,2023-08-23,2028-12-20,B3,0,1
A00423,CLO-ARES-222,OB0208,Sable Capital Term Loan A,First Lien,2099432.71,99.52,521.7,5.33,2023-08-31,2027-07-15,B2,0,1
A00424,CLO-ARES-222,OB0022,Pinnacle Capital TL B-2,First Lien,2259755.47,97.323,489.6,5.33,2023-07-15,2029-05-06,Ba3,0,0
A00425,CLO-ARES-222,OB0195,Aegis Capital Term Loan B,First Lien,2288063.36,100.43,510.6,5.33,2023-07-22,2027-02-21,B3,0,1
A00426,CLO-ARES-222,OB0161,Vertex Solutions Term Loan B,First Lien,2734748.78,96.75,529.9,5.33,2022-09-27,2029-02-02,B2,0,1
A00427,CLO-ARES-222,OB0202,Sable Technologies Term Loan C,First Lien,3750761.93,96.625,518.5,5.33,2023-04-16,2028-11-14,B3,0,1
A00428,CLO-ARES-222,OB0020,Pinnacle Energy Term Loan A,First Lien,2457820.0,99.15,471.5,5.33,2023-07-08,2028-03-12,B1,0,1
A00429,CLO-ARES-222,OB0056,Cobalt Solutions Term Loan B,First Lien,2408997.88,99.991,490.9,5.33,2022-11-02,2028-12-07,B3,0,1
A00430,CLO-ARES-222,OB0232,Meridian Partners Delayed Draw TL,First Lien,3192373.0,100.461,436.4,5.33,2023-05-18,2029-08-16,B1,0,1
A00431,CLO-ARES-222,OB0117,Aegis Energy Delayed Draw TL,First Lien,2938713.34,98.538,498.5,5.33,2023-04-11,2028-02-11,B2,0,1
A00432,CLO-ARES-222,OB0275,Atlas Group TL B-2,First Lien,2548909.1,99.424,474.7,5.33,2023-04-25,2029-09-18,Ba3,0,1
A00433,CLO-ARES-222,OB0269,Clarion Technologies Delayed Draw TL,Second Lien,2423496.14,99.32,814.8,5.33,2023-09-15,2027-05-05,B3,0,1
A00434,CLO-ARES-222,OB0011,Everest Logistics Term Loan B,Second Lien,3213970.15,99.615,760.8,5.33,2023-06-21,2029-08-12,Ba2,0,1
A00435,CLO-ARES-222,OB0253,Sequoia Holdings Term Loan C,First Lien,2159358.96,99.175,541.2,5.33,2023-07-20,2027-12-29,B3,0,1
A00436,CLO-ARES-222,OB0063,Vantage Health Term Loan C,First Lien,3587793.27,49.983,510.3,5.33,2023-10-07,2028-01-18,B1,1,1
A00437,CLO-ARES-222,OB0133,Ironwood Energy TL B-2,First Lien,3711457.87,96.641,531.9,5.33,2023-10-04,2029-04-26,B2,0,1
A00438,CLO-ARES-222,OB0138,Cobalt Brands Term Loan C,First Lien,1760537.69,96.706,517.9,5.33,2022-10-10,2027-12-03,B1,0,1
A00439,CLO-ARES-222,OB0102,Redwood Energy TL B-2,First Lien,1902444.18,97.508,466.1,5.33,2023-02-05,2027-02-27,Ba3,0,1
A00440,CLO-ARES-222,OB0189,Sequoia Group Term Loan A,First Lien,2937394.21,99.137,482.1,5.33,2023-02-07,2029-04-24,B2,0,1
A00441,CLO-ARES-222,OB0285,Ironwood Capital Term Loan A,First Lien,2679409.65,97.871,401.6,5.33,2023-07-28,2029-09-26,Ba2,0,1
A00442,CLO-ARES-222,OB0143,Northwind Materials Term Loan A,First Lien,3444655.5,98.033,488.3,5.33,2023-01-12,2028-09-26,B1,0,1
A00443,CLO-ARES-222,OB0100,Northwind Capital Delayed Draw TL,First Lien,2375991.95,79.856,545.9,5.33,2023-05-28,2027-12-18,Caa1,0,1
A00444,CLO-ARES-222,OB0249,Summit Health TL B-2,First Lien,3684706.43,99.234,445.7,5.33,2022-12-10,2028-08-09,Ba3,0,0
A00445,CLO-ARES-222,OB0196,Crestline Materials Term Loan B,First Lien,1653018.52,99.214,464.2,5.33,2022-11-15,2029-09-09,Ba1,0,1
A00446,CLO-ARES-222,OB0162,Crestline Partners TL B-2,First Lien,2394982.03,88.433,555.3,5.33,2023-02-10,2029-05-14,Caa1,0,1
A00447,CLO-ARES-222,OB0013,Aegis Partners Term Loan C,First Lien,3047011.51,99.496,545.7,5.33,2023-10-26,2027-08-31,B3,0,1
A00448,CLO-ARES-222,OB0049,Ridgeline Holdings Term Loan B,Second Lien,3097728.12,96.542,754.6,5.33,2022-10-03,2028-04-09,B1,0,1
A00449,CLO-ARES-222,OB0075,Harbor Pharma Term Loan B,First Lien,1852727.44,97.633,381.8,5.33,2023-08-10,2027-05-18,Baa3,0,1
A00450,CLO-ARES-222,OB0113,Northwind Networks Term Loan B,First Lien,2916385.04,98.898,405.0,5.33,2022-11-10,2029-07-08,Ba2,0,1
A00451,CLO-ARES-222,OB0247,Everest Energy Term Loan B,First Lien,2442998.36,99.713,381.0,5.33,2023-09-18,2027-08-20,Baa3,0,1
A00452,CLO-ARES-222,OB0227,Redwood Partners Delayed Draw TL,First Lien,2640435.36,100.191,504.5,5.33,2023-09-16,2029-08-26,B3,0,1
A00453,CLO-ARES-222,OB0078,Concord Foods Delayed Draw TL,First Lien,3298212.07,82.437,536.4,5.33,2023-03-16,2027-04-15,Caa1,0,1
A00454,CLO-ARES-222,OB0286,Ridgeline Systems Delayed Draw TL,First Lien,3390817.83,100.418,446.9,5.33,2022-12-27,2028-12-04,B1,0,1
A00455,CLO-ARES-222,OB0254,Redwood Group TL B-2,First Lien,1939440.41,99.073,446.5,5.33,2022-11-18,2027-03-20,Baa3,0,1
A00456,CLO-ARES-222,OB0074,Harbor Industries Term Loan B,First Lien,2866928.72,100.086,442.2,5.33,2022-10-16,2028-12-24,B1,0,1
A00457,CLO-ARES-222,OB0296,Vantage Systems Delayed Draw TL,First Lien,1956222.81,96.515,543.3,5.33,2023-05-29,2028-05-04,B3,0,1
A00458,CLO-ARES-222,OB0043,Cascade Partners Delayed Draw TL,First Lien,3206320.28,97.403,463.4,5.33,2022-11-28,2028-09-15,B1,0,1
A00459,CLO-ARES-222,OB0109,Sequoia Technologies Term Loan B,First Lien,3778762.31,96.721,538.5,5.33,2023-04-02,2028-08-13,B2,0,0
A00460,CLO-ARES-222,OB0076,Atlas Networks Term Loan C,First Lien,2365115.37,97.66,447.1,5.33,2022-10-17,2029-10-30,B1,0,1
A00461,CLO-ARES-222,OB0157,Sterling Industries Term Loan B,First Lien,2041699.85,99.022,461.1,5.33,2023-08-16,2028-05-06,B1,0,1
A00462,CLO-ARES-222,OB0295,Bluepeak Partners Term Loan B,First Lien,1930914.22,98.872,472.8,5.33,2023-06-30,2028-12-02,B1,0,1
A00463,CLO-ARES-222,OB0177,Northwind Brands Term Loan B,First Lien,2785771.94,100.483,452.1,5.33,2023-03-18,2029-04-29,B2,0,1
A00464,CLO-ARES-222,OB0242,Harbor Holdings Term Loan C,First Lien,2507111.89,98.592,533.4,5.33,2022-12-12,2029-03-12,B2,0,1
A00465,CLO-ARES-222,OB0037,Meridian Networks Term Loan C,First Lien,3633857.28,99.115,420.0,5.33,2022-10-20,2027-10-19,Ba1,0,1
A00466,CLO-ARES-222,OB0229,Cobalt Group Delayed Draw TL,First Lien,1910507.68,97.729,465.4,5.33,2023-08-05,2027-08-06,Ba2,0,1
A00467,CLO-ARES-222,OB0213,Sterling Media Term Loan B,First Lien,1766048.41,98.88,504.2,5.33,2023-01-08,2028-04-24,B2,0,1
A00468,CLO-ARES-222,OB0166,Cardinal Materials Term Loan C,First Lien,3440927.36,96.983,510.4,5.33,2022-12-06,2028-01-08,B2,0,1
A00469,CLO-ARES-222,OB0280,Halyard Brands Term Loan A,First Lien,3348076.37,97.842,459.7,5.33,2023-10-19,2028-04-13,B2,0,1
A00470,CLO-ARES-222,OB0024,Atlas Solutions Term Loan C,First Lien,2429912.66,98.828,460.8,5.33,2023-04-07,2029-04-19,B2,0,1
A00471,CLO-ARES-222,OB0185,Northwind Industries Term Loan C,First Lien,3535810.74,65.563,543.2,5.33,2023-02-19,2028-04-14,B3,1,1
A00472,CLO-ARES-222,OB0129,Ridgeline Media Delayed Draw TL,First Lien,3346208.35,97.072,473.2,5.33,2023-04-25,2027-10-15,B2,0,0
A00473,CLO-ARES-222,OB0029,Aegis Brands TL B-2,First Lien,2951966.93,98.5,496.2,5.33,2023-03-24,2028-04-16,Ba3,0,1
A00474,CLO-ARES-222,OB0047,Titan Solutions Term Loan C,First Lien,2138546.49,96.883,426.6,5.33,2023-06-13,2027-09-25,Ba2,0,1
A00475,CLO-ARES-222,OB0200,Summit Capital Delayed Draw TL,First Lien,2986522.21,96.951,493.0,5.33,2023-06-08,2027-08-12,B3,0,1
A00476,CLO-ARES-222,OB0150,Northwind Group Term Loan C,First Lien,3629208.1,97.338,471.4,5.33,2023-10-20,2028-05-22,B2,0,1
A00477,CLO-ARES-222,OB0179,Bluepeak Technologies Term Loan B,First Lien,3233765.9,99.642,492.5,5.33,2022-11-02,2029-08-17,B2,0,1
A00478,CLO-ARES-222,OB0140,Titan Pharma Term Loan A,First Lien,2592409.62,99.488,529.7,5.33,2023-10-30,2027-06-05,B2,0,1
A00479,CLO-ARES-222,OB0035,Titan Health Delayed Draw TL,First Lien,1840049.52,98.002,468.7,5.33,2023-07-23,2028-06-23,B2,0,1
A00480,CLO-ARES-222,OB0101,Halyard Foods Delayed Draw TL,First Lien,2572978.09,80.849,564.4,5.33,2023-09-30,2027-08-30,Caa1,0,1
A00481,CLO-ARES-222,OB0106,Ironwood Materials Term Loan A,First Lien,3743948.32,99.269,434.2,5.33,2022-11-22,2029-07-04,B1,0,1
A00482,CLO-ARES-222,OB0083,Sable Pharma Term Loan C,First Lien,2534701.81,97.681,424.8,5.33,2022-12-23,2028-09-26,Ba3,0,0
A00483,CLO-ARES-222,OB0217,Crestline Energy Term Loan C,First Lien,3482386.25,98.457,500.2,5.33,2023-05-27,2029-06-19,Ba3,0,1
A00484,CLO-ARES-222,OB0007,Beacon Technologies Term Loan A,First Lien,1658748.31,97.491,467.9,5.33,2023-07-26,2029-10-08,B1,0,1
A00485,CLO-ARES-222,OB0046,Ironwood Health Term Loan C,First Lien,2872041.04,96.66,453.0,5.33,2022-10-14,2028-04-23,Ba3,0,1
A00486,CLO-ARES-222,OB0255,Granite Solutions Term Loan C,First Lien,2667152.6,98.31,432.3,5.33,2023-10-17,2027-02-25,Ba3,0,1
A00487,CLO-ARES-222,OB0152,Everest Networks Term Loan B,First Lien,2509520.75,97.456,538.7,5.33,2023-05-30,2028-12-29,B2,0,1
A00488,CLO-ARES-222,OB0183,Clarion Capital Term Loan A,First Lien,3153242.93,96.598,489.7,5.33,2023-09-22,2028-04-03,B2,0,1
A00489,CLO-ARES-222,OB0052,Beacon Energy Delayed Draw TL,First Lien,3518290.06,96.505,420.9,5.33,2023-09-15,2028-01-19,Baa3,0,1
A00490,CLO-ARES-222,OB0211,Monarch Group Term Loan A,First Lien,2270792.17,98.95,480.6,5.33,2023-09-12,2027-05-06,B1,0,1
A00491,CLO-ARES-222,OB0216,Titan Materials Term Loan B,First Lien,2355637.84,100.14,461.6,5.33,2022-11-22,2028-03-11,B1,0,1
A00492,CLO-ARES-222,OB0065,Keystone Brands Term Loan A,First Lien,2970616.55,98.735,454.8,5.33,2022-12-06,2028-01-21,B2,0,1
A00493,CLO-ARES-222,OB0204,Granite Foods Term Loan A,First Lien,1873665.95,98.82,535.1,5.33,2023-10-17,2029-03-16,B2,0,1
A00494,CLO-ARES-222,OB0178,Atlas Capital TL B-2,First Lien,2322591.36,98.192,453.7,5.33,2023-03-22,2028-05-21,B2,0,1
A00495,CLO-ARES-222,OB0267,Halyard Systems TL B-2,First Lien,2770025.42,99.213,527.6,5.33,2023-05-16,2028-11-09,B3,0,1
A00496,CLO-ARES-222,OB0198,Clarion Brands Delayed Draw TL,First Lien,3088156.07,100.033,465.8,5.33,2022-11-10,2027-05-06,B2,0,1
A00497,CLO-ARES-222,OB0042,Cardinal Media Term Loan A,Second Lien,2015248.23,97.159,783.9,5.33,2023-06-08,2027-07-17,B2,0,0
A00498,CLO-ARES-222,OB0294,Harbor Materials Term Loan A,First Lien,2757018.12,100.378,442.7,5.33,2023-05-27,2028-02-03,Ba2,0,1
A00499,CLO-ARES-222,OB0032,Ironwood Group Term Loan C,First Lien,3227891.12,96.588,466.2,5.33,2023-08-23,2028-01-22,Ba2,0,1
A00500,CLO-ARES-222,OB0261,Sterling Energy Term Loan C,First Lien,2371037.99,98.873,511.5,5.33,2023-05-12,2028-05-26,B2,0,1
A00501,CLO-ARES-222,OB0030,Vantage Devices TL B-2,First Lien,1913581.1,97.54,492.4,5.33,2023-10-26,2029-06-27,B2,0,1
A00502,CLO-ARES-222,OB0181,Aegis Technologies TL B-2,First Lien,2393447.61,100.197,492.9,5.33,2022-12-29,2029-11-05,B1,0,1
A00503,CLO-ARES-222,OB0203,Vertex Brands TL B-2,First Lien,3163671.97,97.145,459.3,5.33,2023-07-18,2027-06-22,B2,0,1
A00504,CLO-ARES-222,OB0163,Sequoia Materials Term Loan A,First Lien,2429358.95,99.162,567.6,5.33,2023-04-05,2028-05-17,B3,0,1
A00505,CLO-ARES-222,OB0093,Sterling Brands Term Loan A,First Lien,1980068.17,98.118,524.5,5.33,2023-05-19,2029-09-20,B3,0,1
A00506,CLO-ARES-222,OB0262,Everest Devices Delayed Draw TL,First Lien,1636596.6,97.825,512.3,5.33,2023-02-22,2029-11-01,B2,0,0
A00507,CLO-ARES-222,OB0135,Granite Materials Delayed Draw TL,First Lien,3755087.35,98.761,530.4,5.33,2023-03-19,2029-01-18,B2,0,1
A00508,CLO-ARES-222,OB0281,Pioneer Health Term Loan C,First Lien,2666527.5,96.968,396.2,5.33,2023-01-17,2028-05-14,Ba2,0,1
A00509,CLO-ARES-222,OB0131,Redwood Materials TL B-2,First Lien,2335398.38,98.606,434.7,5.33,2023-01-05,2027-03-08,Baa3,0,1
A00510,CLO-ARES-222,OB0268,Granite Group Delayed Draw TL,First Lien,3470338.68,100.403,515.1,5.33,2023-03-08,2028-10-22,B3,0,1
A00511,CLO-ARES-222,OB0293,Cobalt Devices TL B-2,First Lien,3674184.2,97.092,525.6,5.33,2023-04-12,2028-02-29,B2,0,1
A00512,CLO-ARES-222,OB0097,Cobalt Networks Delayed Draw TL,First Lien,2375654.55,98.744,448.2,5.33,2023-10-11,2028-04-13,B1,0,1
A00513,CLO-ARES-222,OB0141,Beacon Brands Term Loan A,First Lien,2253530.07,98.195,445.1,5.33,2023-07-24,2028-10-17,Baa3,0,1
A00514,CLO-ARES-222,OB0098,Atlas Holdings Term Loan C,First Lien,2078108.88,100.447,454.8,5.33,2023-10-19,2028-03-03,B2,0,1
A00515,CLO-ARES-222,OB0012,Sable Networks Term Loan A,First Lien,2515688.27,98.723,492.7,5.33,2023-01-07,2027-08-22,B1,0,1
A00516,CLO-ARES-222,OB0044,Titan Foods Delayed Draw TL,First Lien,2255329.07,97.708,446.7,5.33,2023-07-10,2029-03-11,Ba2,0,1
A00517,CLO-ARES-222,OB0086,Titan Devices Delayed Draw TL,First Lien,1685514.15,100.324,523.9,5.33,2022-11-29,2028-12-13,B2,0,1
A00518,CLO-ARES-222,OB0145,Keystone Pharma TL B-2,First Lien,2251479.74,99.079,396.6,5.33,2023-06-06,2029-11-02,Ba2,0,1
A00519,CLO-ARES-222,OB0039,Cobalt Industries Delayed Draw TL,First Lien,3244937.04,99.973,450.5,5.33,2023-09-17,2029-05-30,Ba2,0,1
A00520,CLO-ARES-222,OB0246,Pioneer Industries TL B-2,First Lien,2739309.48,97.151,484.9,5.33,2023-05-21,2029-07-31,B3,0,1
A00521,CLO-ARES-222,OB0038,Clarion Pharma Term Loan B,First Lien,2402700.47,99.045,463.6,5.33,2023-02-22,2027-12-08,Ba1,0,1
A00522,CLO-ARES-222,OB0201,Ridgeline Brands Term Loan A,First Lien,3658811.52,97.233,437.3,5.33,2023-07-02,2028-01-09,B1,0,0
A00523,CLO-ARES-222,OB0224,Atlas Pharma Term Loan B,First Lien,3421239.55,99.242,472.6,5.33,2023-06-27,2028-09-28,Ba3,0,1
A00524,CLO-ARES-222,OB0108,Granite Pharma Term Loan A,First Lien,1939103.92,99.615,465.9,5.33,2022-11-18,2027-09-24,B1,0,1
A00525,CLO-ARES-222,OB0079,Aegis Industries Term Loan C,First Lien,2107030.42,98.954,523.6,5.33,2023-06-26,2029-02-11,B2,0,1
A00526,CLO-ARES-222,OB0080,Harbor Brands Term Loan B,First Lien,3268242.22,96.806,553.3,5.33,2023-05-30,2028-02-04,B3,0,1
A00527,CLO-ARES-222,OB0115,Cardinal Technologies TL B-2,First Lien,2413946.27,98.891,548.3,5.33,2022-12-24,2029-02-08,B3,0,1
A00528,CLO-ARES-222,OB0230,Everest Pharma TL B-2,First Lien,3242538.73,99.277,541.5,5.33,2022-11-30,2027-09-15,B3,0,1
A00529,CLO-ARES-222,OB0231,Redwood Brands Delayed Draw TL,First Lien,1797828.84,96.811,518.5,5.33,2022-10-18,2027-09-02,B2,0,1
A00530,CLO-ARES-222,OB0031,Summit Partners Term Loan B,First Lien,3347975.5,96.976,451.6,5.33,2023-02-28,2028-12-27,B1,0,1
A00531,CLO-ARES-222,OB0271,Sterling Pharma TL B-2,First Lien,1836663.62,98.85,446.8,5.33,2022-10-11,2027-05-16,B1,0,1
A00532,CLO-ARES-222,OB0197,Pinnacle Brands Term Loan C,First Lien,3246309.25,97.909,505.8,5.33,2023-01-28,2028-07-14,B1,0,1
A00533,CLO-ARES-222,OB0001,Monarch Partners TL B-2,First Lien,1842309.38,97.368,446.0,5.33,2022-12-23,2029-08-24,B1,0,1
A00534,CLO-ARES-222,OB0194,Clarion Solutions Delayed Draw TL,First Lien,1636671.72,100.182,556.2,5.33,2023-04-02,2029-01-27,B3,0,1
A00535,CLO-ARES-222,OB0004,Ironwood Devices Term Loan A,Second Lien,2581224.64,83.677,959.2,5.33,2023-06-17,2027-10-04,Caa2,0,1
A00536,CLO-BAIN-241,OB0161,Vertex Solutions TL B-2,First Lien,3004636.47,99.738,501.4,5.33,2024-08-20,2028-10-03,B2,0,1
A00537,CLO-BAIN-241,OB0064,Pinnacle Group TL B-2,First Lien,3954138.65,97.477,431.8,5.33,2024-12-07,2028-09-20,Ba3,0,0
A00538,CLO-BAIN-241,OB0239,Ironwood Partners Delayed Draw TL,First Lien,1763102.48,96.579,478.2,5.33,2025-01-09,2030-11-27,B2,0,1
A00539,CLO-BAIN-241,OB0057,Aegis Networks TL B-2,First Lien,2825598.04,98.379,450.8,5.33,2024-08-19,2030-01-31,B2,0,1
A00540,CLO-BAIN-241,OB0267,Halyard Systems Term Loan C,First Lien,2962244.52,99.2,509.8,5.33,2025-03-05,2030-05-10,B3,0,1
A00541,CLO-BAIN-241,OB0070,Monarch Materials Term Loan B,First Lien,3062258.22,98.488,525.1,5.33,2024-11-08,2029-01-31,B2,0,1
A00542,CLO-BAIN-241,OB0254,Redwood Group Term Loan B,Second Lien,1720606.22,97.404,756.3,5.33,2025-02-09,2030-11-07,Baa3,0,1
A00543,CLO-BAIN-241,OB0185,Northwind Industries TL B-2,First Lien,3007950.39,98.624,518.0,5.33,2024-03-18,2030-04-24,B3,0,1
A00544,CLO-BAIN-241,OB0148,Northwind Energy TL B-2,First Lien,2801663.63,97.753,431.3,5.33,2024-12-23,2029-12-05,Ba2,0,1
A00545,CLO-BAIN-241,OB0286,Ridgeline Systems Term Loan C,First Lien,3413730.03,99.313,506.4,5.33,2024-10-20,2029-01-30,B1,0,1
A00546,CLO-BAIN-241,OB0021,Bluepeak Pharma Delayed Draw TL,First Lien,3556731.16,99.052,521.6,5.33,2024-11-23,2030-07-10,B2,0,1
A00547,CLO-BAIN-241,OB0043,Cascade Partners TL B-2,First Lien,2843358.57,97.102,490.5,5.33,2024-09-17,2029-08-20,B1,0,1
A00548,CLO-BAIN-241,OB0168,Granite Systems Term Loan A,First Lien,3571645.7,98.15,502.9,5.33,2024-06-18,2030-05-30,B1,0,1
A00549,CLO-BAIN-241,OB0253,Sequoia Holdings Delayed Draw TL,First Lien,2568064.82,97.482,554.1,5.33,2024-10-13,2030-01-20,B3,0,0
A00550,CLO-BAIN-241,OB0060,Granite Networks TL B-2,First Lien,2606266.99,97.591,482.2,5.33,2025-01-10,2030-01-10,B3,0,1
A00551,CLO-BAIN-241,OB0198,Clarion Brands Term Loan B,Second Lien,3624400.73,96.58,851.2,5.33,2024-07-17,2030-03-04,B2,0,1
A00552,CLO-BAIN-241,OB0146,Vantage Brands Delayed Draw TL,Second Lien,1758565.14,99.187,769.1,5.33,2025-02-12,2030-11-05,Baa3,0,1
A00553,CLO-BAIN-241,OB0234,Meridian Systems Term Loan C,First Lien,1872914.11,98.588,503.4,5.33,2024-06-15,2029-11-16,B1,0,0
A00554,CLO-BAIN-241,OB0160,Monarch Technologies Delayed Draw TL,First Lien,2171244.89,97.817,446.6,5.33,2025-02-25,2030-07-27,Ba2,0,1
A00555,CLO-BAIN-241,OB0228,Vertex Devices TL B-2,First Lien,2608276.93,100.38,433.6,5.33,2024-12-05,2028-08-22,Ba2,0,1
A00556,CLO-BAIN-241,OB0116,Clarion Holdings TL B-2,First Lien,2494369.39,98.195,472.1,5.33,2024-04-22,2029-07-02,Ba3,0,1
A00557,CLO-BAIN-241,OB0209,Summit Materials Term Loan B,First Lien,2477895.57,100.121,482.7,5.33,2025-01-26,2031-01-21,B3,0,1
A00558,CLO-BAIN-241,OB0149,Beacon Media Term Loan B,First Lien,2175026.45,100.334,481.5,5.33,2024-11-07,2030-11-30,B2,0,1
A00559,CLO-BAIN-241,OB0220,Monarch Holdings TL B-2,First Lien,2654474.21,100.21,511.4,5.33,2024-03-25,2031-02-09,B1,0,1
A00560,CLO-BAIN-241,OB0097,Cobalt Networks Delayed Draw TL,First Lien,2165057.12,100.164,485.6,5.33,2024-02-25,2029-04-02,B1,0,0
A00561,CLO-BAIN-241,OB0036,Sable Logistics Delayed Draw TL,First Lien,3555051.5,98.152,524.5,5.33,2024-03-30,2030-10-18,B2,0,1
A00562,CLO-BAIN-241,OB0244,Sequoia Foods TL B-2,First Lien,2225387.18,99.417,498.1,5.33,2024-09-27,2030-06-07,B2,0,1
A00563,CLO-BAIN-241,OB0189,Sequoia Group Delayed Draw TL,First Lien,1731408.24,99.664,461.0,5.33,2024-05-20,2030-03-31,B2,0,1
A00564,CLO-BAIN-241,OB0092,Sequoia Solutions Term Loan A,First Lien,2969979.7,99.354,446.7,5.33,2024-12-08,2030-05-29,Ba1,0,1
A00565,CLO-BAIN-241,OB0007,Beacon Technologies Term Loan C,First Lien,3829911.97,97.034,444.4,5.33,2024-07-24,2030-09-22,B1,0,1
A00566,CLO-BAIN-241,OB0252,Clarion Foods Term Loan C,First Lien,1807797.8,98.009,523.9,5.33,2024-06-01,2028-07-17,B2,0,0
A00567,CLO-BAIN-241,OB0054,Cascade Industries Term Loan A,First Lien,3791348.71,100.127,481.7,5.33,2024-06-21,2030-06-14,Ba2,0,0
A00568,CLO-BAIN-241,OB0203,Vertex Brands Term Loan A,First Lien,1725931.25,97.097,535.0,5.33,2024-11-24,2028-10-24,B2,0,1
A00569,CLO-BAIN-241,OB0225,Harbor Networks Term Loan A,First Lien,2851797.13,99.809,473.3,5.33,2025-02-07,2029-01-20,B1,0,1
A00570,CLO-BAIN-241,OB0044,Titan Foods Term Loan A,First Lien,3646668.81,98.477,405.7,5.33,2024-12-11,2029-02-01,Ba2,0,0
A00571,CLO-BAIN-241,OB0062,Cardinal Group TL B-2,First Lien,2277410.32,98.134,461.9,5.33,2024-06-21,2029-02-22,B2,0,1
A00572,CLO-BAIN-241,OB0074,Harbor Industries Term Loan A,First Lien,3754019.39,98.333,429.7,5.33,2024-07-22,2031-03-20,B1,0,1
A00573,CLO-BAIN-241,OB0268,Granite Group Term Loan B,First Lien,3232595.81,99.444,502.7,5.33,2024-11-19,2028-08-25,B3,0,1
A00574,CLO-BAIN-241,OB0206,Concord Brands Term Loan C,First Lien,3810155.74,98.925,509.2,5.33,2025-02-05,2030-08-01,B2,0,1
A00575,CLO-BAIN-241,OB0053,Concord Pharma Term Loan A,First Lien,1620873.6,100.41,489.2,5.33,2024-11-20,2028-08-07,B1,0,1
A00576,CLO-BAIN-241,OB0087,Cascade Materials TL B-2,First Lien,2223782.72,100.012,389.5,5.33,2025-02-05,2029-12-21,Ba1,0,1
A00577,CLO-BAIN-241,OB0034,Vantage Solutions TL B-2,First Lien,2224053.18,98.497,567.2,5.33,2025-02-24,2029-06-30,B3,0,0
A00578,CLO-BAIN-241,OB0187,Summit Technologies TL B-2,First Lien,2277311.62,99.546,434.4,5.33,2024-09-18,2030-12-27,Ba3,0,1
A00579,CLO-BAIN-241,OB0102,Redwood Energy Delayed Draw TL,First Lien,3350885.14,98.723,493.7,5.33,2024-03-06,2029-01-05,Ba3,0,1
A00580,CLO-BAIN-241,OB0174,Crestline Media Delayed Draw TL,First Lien,2151813.37,99.324,518.9,5.33,2024-02-28,2029-09-21,B3,0,1
A00581,CLO-BAIN-241,OB0052,Beacon Energy Term Loan B,First Lien,3285043.53,99.883,442.4,5.33,2024-08-04,2028-09-29,Baa3,0,1
A00582,CLO-BAIN-241,OB0153,Sterling Foods Term Loan C,First Lien,2280128.18,99.79,444.7,5.33,2024-05-26,2030-02-13,Ba2,0,0
A00583,CLO-BAIN-241,OB0217,Crestline Energy Delayed Draw TL,First Lien,1617952.22,100.182,432.8,5.33,2025-01-19,2028-09-30,Ba3,0,0
A00584,CLO-BAIN-241,OB0104,Halyard Energy Term Loan B,First Lien,1669595.24,98.077,501.9,5.33,2024-07-22,2028-11-30,B2,0,1
A00585,CLO-BAIN-241,OB0032,Ironwood Group Term Loan B,First Lien,2696642.93,99.013,418.2,5.33,2024-07-25,2031-03-16,Ba2,0,1
A00586,CLO-BAIN-241,OB0291,Monarch Devices Term Loan C,First Lien,3080083.13,100.499,510.4,5.33,2024-04-14,2029-01-28,B1,0,0
A00587,CLO-BAIN-241,OB0215,Atlas Foods Term Loan C,First Lien,3503873.49,99.475,528.8,5.33,2024-08-21,2028-09-28,B3,0,1
A00588,CLO-BAIN-241,OB0109,Sequoia Technologies Term Loan A,Second Lien,2029189.12,96.857,850.5,5.33,2024-08-24,2030-09-02,B2,0,1
A00589,CLO-BAIN-241,OB0186,Granite Partners TL B-2,Second Lien,3138742.38,97.694,845.9,5.33,2025-01-23,2030-03-05,B2,0,1
A00590,CLO-BAIN-241,OB0128,Harbor Group Delayed Draw TL,First Lien,3182145.43,98.458,528.5,5.33,2024-06-24,2030-01-23,B2,0,1
A00591,CLO-BAIN-241,OB0072,Pinnacle Technologies Term Loan B,First Lien,1821570.09,97.245,536.4,5.33,2024-02-28,2029-12-03,B3,0,1
A00592,CLO-BAIN-241,OB0196,Crestline Materials Term Loan C,First Lien,2704427.77,97.12,422.2,5.33,2024-03-21,2029-04-19,Ba1,0,1
A00593,CLO-BAIN-241,OB0183,Clarion Capital TL B-2,First Lien,1795462.42,100.437,510.4,5.33,2024-06-14,2029-12-13,B2,0,1
A00594,CLO-BAIN-241,OB0197,Pinnacle Brands Delayed Draw TL,First Lien,2952777.55,98.554,474.8,5.33,2024-03-27,2029-10-14,B1,0,1
A00595,CLO-BAIN-241,OB0278,Crestline Brands Term Loan B,First Lien,2952641.62,96.827,474.1,5.33,2025-02-21,2030-05-04,B1,0,1
A00596,CLO-BAIN-241,OB0152,Everest Networks TL B-2,First Lien,3467497.85,98.165,512.2,5.33,2024-12-04,2030-07-07,B2,0,1
A00597,CLO-BAIN-241,OB0295,Bluepeak Partners Term Loan A,First Lien,3193354.48,100.367,507.2,5.33,2024-05-26,2029-01-01,B1,0,1
A00598,CLO-BAIN-241,OB0194,Clarion Solutions Delayed Draw TL,First Lien,3931057.89,98.235,481.2,5.33,2024-04-07,2028-07-09,B3,0,1
A00599,CLO-BAIN-241,OB0263,Crestline Health Delayed Draw TL,First Lien,2736579.83,100.363,503.0,5.33,2024-07-12,2030-03-21,B2,0,1
A00600,CLO-BAIN-241,OB0262,Everest Devices Term Loan B,First Lien,3066791.81,99.2,521.2,5.33,2024-04-12,2028-11-11,B2,0,1
A00601,CLO-BAIN-241,OB0165,Sable Holdings Term Loan A,First Lien,1872867.14,99.936,383.2,5.33,2025-01-05,2029-02-28,Baa3,0,1
A00602,CLO-BAIN-241,OB0103,Crestline Technologies Delayed Draw TL,First Lien,3088820.12,97.704,490.5,5.33,2024-09-11,2028-07-18,B2,0,1
A00603,CLO-BAIN-241,OB0272,Ridgeline Technologies Delayed Draw TL,First Lien,3742400.42,98.44,450.6,5.33,2024-12-03,2029-03-01,B2,0,1
A00604,CLO-BAIN-241,OB0122,Everest Technologies Delayed Draw TL,First Lien,2954893.68,96.531,536.3,5.33,2024-09-07,2030-11-11,B3,0,1
A00605,CLO-BAIN-241,OB0171,Beacon Systems Term Loan C,First Lien,2976724.48,96.648,484.8,5.33,2024-12-06,2030-07-08,B2,0,1
A00606,CLO-BAIN-241,OB0155,Sable Group Delayed Draw TL,First Lien,3213239.45,99.357,496.3,5.33,2024-11-29,2029-05-15,B2,0,1
A00607,CLO-BAIN-241,OB0270,Keystone Capital TL B-2,First Lien,2241655.49,96.968,466.7,5.33,2024-09-24,2030-06-10,Ba3,0,1
A00608,CLO-BAIN-241,OB0125,Cardinal Brands Term Loan C,First Lien,1989747.28,85.01,645.7,5.33,2025-01-23,2029-06-08,Caa2,0,0
A00609,CLO-BAIN-241,OB0131,Redwood Materials Delayed Draw TL,First Lien,3626606.74,100.033,429.5,5.33,2024-09-08,2030-10-27,Baa3,0,0
A00610,CLO-BAIN-241,OB0245,Sterling Systems Term Loan A,First Lien,3151352.97,100.384,425.2,5.33,2024-07-01,2030-06-03,Ba3,0,1
A00611,CLO-BAIN-241,OB0038,Clarion Pharma Delayed Draw TL,First Lien,3185778.42,98.923,386.7,5.33,2024-10-17,2029-05-02,Ba1,0,1
A00612,CLO-BAIN-241,OB0242,Harbor Holdings Term Loan A,Second Lien,2925094.9,97.543,834.7,5.33,2024-10-22,2028-07-28,B2,0,1
A00613,CLO-BAIN-241,OB0117,Aegis Energy TL B-2,First Lien,2406935.08,98.748,492.6,5.33,2024-08-07,2030-08-22,B2,0,1
A00614,CLO-BAIN-241,OB0028,Bluepeak Materials Term Loan B,First Lien,3683981.12,99.261,457.0,5.33,2025-02-03,2028-08-16,Ba3,0,0
A00615,CLO-BAIN-241,OB0251,Cobalt Capital Term Loan C,First Lien,2643651.8,96.944,458.3,5.33,2024-12-16,2030-09-04,B2,0,0
A00616,CLO-BAIN-241,OB0065,Keystone Brands Term Loan A,First Lien,1849112.06,97.168,459.4,5.33,2024-08-11,2028-12-03,B2,0,1
A00617,CLO-BAIN-241,OB0126,Cascade Group TL B-2,First Lien,3282995.95,99.982,442.7,5.33,2024-07-28,2030-10-12,B1,0,1
A00618,CLO-BAIN-241,OB0246,Pioneer Industries Delayed Draw TL,First Lien,3615115.95,99.576,501.7,5.33,2024-07-31,2029-04-15,B3,0,1
A00619,CLO-BAIN-241,OB0250,Meridian Holdings Term Loan A,First Lien,1809772.35,97.943,488.6,5.33,2025-02-27,2030-08-06,B1,0,1
A00620,CLO-BAIN-241,OB0300,Bluepeak Energy Term Loan C,First Lien,3469954.24,100.172,509.6,5.33,2025-01-22,2029-07-01,B1,0,0
A00621,CLO-BAIN-241,OB0035,Titan Health TL B-2,First Lien,2654890.19,98.569,455.1,5.33,2024-07-18,2029-08-11,B2,0,0
A00622,CLO-BAIN-241,OB0008,Meridian Group Term Loan C,First Lien,1996821.55,99.141,486.5,5.33,2024-03-08,2030-04-03,B1,0,0
A00623,CLO-BAIN-241,OB0026,Sable Partners Term Loan C,First Lien,3497991.28,98.177,508.5,5.33,2024-07-12,2030-07-04,B1,0,1
A00624,CLO-BAIN-241,OB0273,Summit Logistics Delayed Draw TL,First Lien,3758519.07,98.611,511.6,5.33,2024-09-23,2030-04-16,B1,0,1
A00625,CLO-BAIN-241,OB0014,Ridgeline Logistics Delayed Draw TL,First Lien,2895756.65,99.29,508.7,5.33,2025-03-11,2029-01-14,B1,0,0
A00626,CLO-BAIN-241,OB0018,Ironwood Industries Term Loan C,First Lien,1807518.66,99.376,473.2,5.33,2024-11-10,2029-04-12,Ba2,0,1
A00627,CLO-BAIN-241,OB0218,Vantage Logistics Term Loan C,First Lien,2818294.43,99.043,430.9,5.33,2024-12-07,2029-03-17,B1,0,1
A00628,CLO-BAIN-241,OB0256,Redwood Devices TL B-2,First Lien,3439072.28,96.942,434.2,5.33,2024-06-19,2030-03-30,B1,0,1
A00629,CLO-BAIN-241,OB0271,Sterling Pharma Term Loan B,First Lien,1901011.77,98.295,480.3,5.33,2024-09-27,2029-06-08,B1,0,0
A00630,CLO-BAIN-241,OB0046,Ironwood Health Term Loan C,Second Lien,3512930.47,100.077,792.1,5.33,2024-12-08,2029-02-20,Ba3,0,1
A00631,CLO-BAIN-241,OB0098,Atlas Holdings Term Loan C,First Lien,2281119.23,99.19,513.1,5.33,2025-02-19,2029-03-06,B2,0,1
A00632,CLO-BAIN-241,OB0230,Everest Pharma Delayed Draw TL,First Lien,2829599.61,98.317,492.8,5.33,2024-09-05,2028-09-17,B3,0,1
A00633,CLO-BAIN-241,OB0208,Sable Capital Delayed Draw TL,First Lien,2613048.85,96.812,509.7,5.33,2024-12-05,2030-01-19,B2,0,1
A00634,CLO-BAIN-241,OB0084,Pinnacle Materials Delayed Draw TL,First Lien,2541852.51,98.194,468.4,5.33,2025-02-16,2031-03-19,B1,0,1
A00635,CLO-BAIN-241,OB0040,Aegis Systems Term Loan C,First Lien,1993316.85,98.331,515.9,5.33,2024-11-04,2028-10-24,B1,0,1
A00636,CLO-BAIN-241,OB0078,Concord Foods Term Loan B,First Lien,2685289.06,86.944,613.8,5.33,2024-12-12,2030-11-15,Caa1,0,1
A00637,CLO-BAIN-241,OB0282,Aegis Logistics TL B-2,First Lien,1894043.11,97.113,482.2,5.33,2024-07-12,2029-04-23,B2,0,1
A00638,CLO-BAIN-241,OB0199,Aegis Media TL B-2,First Lien,3479385.74,96.695,529.3,5.33,2024-05-28,2028-12-30,B2,0,1
A00639,CLO-BAIN-241,OB0025,Sequoia Energy Term Loan C,First Lien,2764188.25,99.982,415.2,5.33,2024-07-15,2030-01-26,Ba1,0,1
A00640,CLO-BAIN-241,OB0195,Aegis Capital Term Loan A,First Lien,2407144.36,99.835,491.6,5.33,2024-10-23,2030-04-08,B3,0,1
A00641,CLO-BAIN-241,OB0020,Pinnacle Energy Term Loan C,First Lien,2672274.55,97.801,500.8,5.33,2024-09-04,2029-07-27,B1,0,1
A00642,CLO-BAIN-241,OB0170,Ridgeline Pharma Term Loan B,First Lien,2543306.16,100.06,495.0,5.33,2024-05-02,2030-06-20,B1,0,1
A00643,CLO-BAIN-241,OB0193,Harbor Foods Term Loan B,First Lien,3098398.48,99.081,506.8,5.33,2024-05-16,2031-03-01,B2,0,1
A00644,CLO-BAIN-241,OB0134,Pioneer Media Term Loan B,First Lien,2972454.05,97.258,471.6,5.33,2024-04-09,2030-05-01,B1,0,0
A00645,CLO-BAIN-241,OB0127,Concord Industries Term Loan C,First Lien,2033286.7,97.481,543.1,5.33,2024-09-22,2028-09-20,B3,0,1
A00646,CLO-BAIN-241,OB0120,Summit Pharma Delayed Draw TL,First Lien,3043402.01,99.948,430.9,5.33,2024-05-10,2029-08-24,B1,0,1
A00647,CLO-BAIN-241,OB0255,Granite Solutions TL B-2,First Lien,2856678.61,100.419,459.4,5.33,2024-04-21,2028-12-30,Ba3,0,1
A00648,CLO-BAIN-241,OB0076,Atlas Networks TL B-2,First Lien,1820165.79,97.177,484.1,5.33,2024-05-10,2028-07-23,B1,0,1
A00649,CLO-BAIN-241,OB0238,Harbor Partners Term Loan B,First Lien,2313020.23,100.072,472.0,5.33,2024-03-05,2029-01-19,B2,0,1
A00650,CLO-BAIN-241,OB0279,Pinnacle Health TL B-2,First Lien,3020106.37,98.518,534.2,5.33,2024-03-10,2029-05-17,B2,0,1
A00651,CLO-BAIN-241,OB0219,Meridian Energy TL B-2,First Lien,2570927.7,97.435,559.4,5.33,2024-11-17,2031-03-09,B3,0,1
A00652,CLO-BAIN-241,OB0130,Monarch Energy Delayed Draw TL,First Lien,1848263.92,97.002,415.5,5.33,2024-03-21,2030-11-09,Baa3,0,1
A00653,CLO-BAIN-241,OB0067,Atlas Materials Term Loan C,Second Lien,2089368.97,93.765,995.4,5.33,2024-09-11,2031-03-07,Caa2,0,0
A00654,CLO-BAIN-241,OB0139,Sterling Logistics Term Loan A,First Lien,2676561.36,99.817,454.8,5.33,2024-02-08,2028-08-26,B1,0,0
A00655,CLO-BAIN-241,OB0088,Redwood Pharma Term Loan A,First Lien,2748561.8,98.021,425.6,5.33,2024-12-03,2030-11-03,Ba2,0,1
A00656,CLO-BAIN-241,OB0182,Cardinal Systems Term Loan B,First Lien,1715765.96,97.703,464.4,5.33,2024-04-19,2030-07-08,B1,0,1
A00657,CLO-BAIN-241,OB0140,Titan Pharma TL B-2,First Lien,2269111.7,100.33,477.4,5.33,2024-12-29,2029-03-20,B2,0,0
A00658,CLO-BAIN-241,OB0005,Monarch Pharma Term Loan C,First Lien,3282028.04,97.787,498.6,5.33,2024-07-25,2028-07-12,B3,0,0
A00659,CLO-BAIN-241,OB0009,Everest Materials Term Loan A,First Lien,1924455.29,96.517,449.7,5.33,2024-09-06,2030-01-16,B2,0,0
A00660,CLO-BAIN-241,OB0111,Keystone Holdings Term Loan B,First Lien,3271493.38,99.649,487.2,5.33,2024-11-09,2028-07-27,B1,0,0
A00661,CLO-BAIN-241,OB0031,Summit Partners Term Loan C,First Lien,3538162.66,100.388,462.7,5.33,2024-08-09,2029-07-27,B1,0,1
A00662,CLO-BAIN-241,OB0099,Crestline Foods Delayed Draw TL,First Lien,3424428.38,50.269,533.1,5.33,2024-02-12,2029-02-07,B2,1,1
A00663,CLO-BAIN-241,OB0280,Halyard Brands TL B-2,First Lien,3401854.9,97.266,522.3,5.33,2025-02-09,2029-02-07,B2,0,1
A00664,CLO-BAIN-241,OB0081,Cascade Capital Term Loan A,First Lien,2776048.72,100.118,457.6,5.33,2024-02-11,2029-01-12,Ba2,0,0
A00665,CLO-BAIN-241,OB0276,Ridgeline Devices Term Loan A,First Lien,3118091.52,98.501,494.9,5.33,2025-01-10,2030-07-22,B3,0,1
A00666,CLO-BAIN-241,OB0114,Sequoia Systems TL B-2,First Lien,3222027.01,97.013,454.7,5.33,2024-11-25,2030-11-19,B2,0,1
A00667,CLO-BAIN-241,OB0118,Crestline Systems Term Loan C,First Lien,2845275.1,99.212,538.1,5.33,2024-12-18,2029-03-11,B2,0,1
A00668,CLO-BAIN-241,OB0010,Meridian Capital TL B-2,First Lien,3696724.38,99.192,538.1,5.33,2024-09-16,2030-11-07,B3,0,0
A00669,CLO-BAIN-241,OB0177,Northwind Brands Term Loan A,First Lien,2256287.04,97.946,517.1,5.33,2024-03-03,2029-04-06,B2,0,0
A00670,CLO-BAIN-241,OB0236,Meridian Logistics Term Loan B,First Lien,2867341.24,97.839,558.8,5.33,2025-02-19,2029-02-12,B3,0,0
A00671,CLO-BAIN-241,OB0143,Northwind Materials Term Loan B,First Lien,2610526.64,97.158,456.8,5.33,2024-02-22,2029-10-30,B1,0,1
A00672,CLO-BAIN-241,OB0200,Summit Capital Delayed Draw TL,First Lien,1665010.37,99.862,501.8,5.33,2024-06-09,2031-03-04,B3,0,1
A00673,CLO-BAIN-241,OB0289,Ironwood Brands Term Loan C,First Lien,1736928.22,100.274,518.6,5.33,2024-09-19,2030-08-17,B2,0,1
A00674,CLO-BAIN-241,OB0293,Cobalt Devices Term Loan B,First Lien,2664060.46,100.167,482.8,5.33,2025-03-14,2028-11-03,B2,0,1
A00675,CLO-BAIN-241,OB0176,Titan Group Term Loan B,First Lien,3505834.39,98.227,419.8,5.33,2024-11-20,2028-08-18,Ba3,0,1
A00676,CLO-BAIN-241,OB0249,Summit Health Term Loan C,First Lien,2510334.27,97.432,464.6,5.33,2024-02-13,2029-10-03,Ba3,0,1
A00677,CLO-BAIN-241,OB0080,Harbor Brands Term Loan B,First Lien,3488753.41,97.858,564.0,5.33,2024-09-27,2029-12-07,B3,0,1
A00678,CLO-BAIN-241,OB0100,Northwind Capital Term Loan A,First Lien,2063411.78,79.081,601.8,5.33,2024-11-27,2028-11-02,Caa1,0,1
A00679,CLO-BAIN-241,OB0281,Pioneer Health Term Loan B,First Lien,2214309.63,98.278,415.9,5.33,2024-03-09,2028-11-03,Ba2,0,1
A00680,CLO-BAIN-241,OB0029,Aegis Brands Term Loan A,Second Lien,2638972.47,97.745,815.3,5.33,2024-04-23,2029-10-19,Ba3,0,1
A00681,CLO-BAIN-241,OB0284,Ridgeline Energy Term Loan B,First Lien,2419151.59,54.353,509.8,5.33,2024-06-08,2029-11-27,B2,1,1
A00682,CLO-BAIN-241,OB0162,Crestline Partners Term Loan A,First Lien,2931289.77,93.624,588.4,5.33,2024-03-14,2029-06-10,Caa1,0,1
A00683,CLO-BAIN-241,OB0142,Meridian Pharma Term Loan C,First Lien,2733281.11,99.27,441.1,5.33,2024-07-28,2030-03-18,Baa3,0,1
A00684,CLO-BAIN-241,OB0180,Granite Devices Term Loan B,First Lien,2385376.5,100.142,473.4,5.33,2024-12-31,2029-02-09,B1,0,1
A00685,CLO-BAIN-241,OB0147,Northwind Partners Delayed Draw TL,First Lien,2711550.84,99.573,522.1,5.33,2024-05-23,2029-08-09,B2,0,1
A00686,CLO-BAIN-241,OB0121,Halyard Industries TL B-2,First Lien,3949249.07,96.62,439.2,5.33,2024-09-20,2029-01-11,B1,0,1
A00687,CLO-BAIN-241,OB0232,Meridian Partners Term Loan A,First Lien,3766744.3,97.296,454.4,5.33,2024-06-21,2030-07-02,B1,0,1
A00688,CLO-BAIN-241,OB0144,Sterling Networks Term Loan B,First Lien,3612606.91,97.204,401.2,5.33,2024-02-18,2030-10-25,Ba1,0,1
A00689,CLO-BAIN-241,OB0041,Sable Media Term Loan A,First Lien,2504344.39,100.244,391.9,5.33,2024-08-15,2030-10-02,Baa3,0,1
A00690,CLO-BAIN-241,OB0184,Vertex Systems Term Loan B,First Lien,2013459.57,98.993,487.8,5.33,2024-04-08,2028-11-20,B2,0,0
A00691,CLO-BAIN-241,OB0015,Sable Materials Delayed Draw TL,First Lien,1917523.35,99.277,439.3,5.33,2024-12-29,2029-03-03,Ba3,0,0
A00692,CLO-BAIN-241,OB0101,Halyard Foods Term Loan A,First Lien,3412879.02,82.707,544.2,5.33,2024-03-06,2030-04-01,Caa1,0,1
A00693,CLO-BAIN-241,OB0068,Granite Health Term Loan B,First Lien,3672482.15,100.043,447.6,5.33,2024-10-05,2030-09-13,B1,0,1
A00694,CLO-BAIN-241,OB0191,Titan Partners Delayed Draw TL,First Lien,1761619.16,88.321,576.6,5.33,2024-10-30,2029-10-14,Caa1,0,1
A00695,CLO-BAIN-241,OB0231,Redwood Brands Term Loan C,First Lien,3293221.03,100.323,491.4,5.33,2024-08-31,2030-04-10,B2,0,0
A00696,CLO-BAIN-241,OB0091,Sequoia Brands Delayed Draw TL,First Lien,2989309.43,97.312,557.3,5.33,2024-05-29,2029-05-05,B3,0,1
A00697,CLO-BAIN-241,OB0073,Vantage Technologies Term Loan B,First Lien,2499993.3,97.518,436.4,5.33,2024-07-08,2029-09-24,B1,0,1
A00698,CLO-BAIN-241,OB0083,Sable Pharma Delayed Draw TL,First Lien,2152563.16,97.845,451.2,5.33,2024-09-04,2029-07-07,Ba3,0,1
A00699,CLO-BAIN-241,OB0016,Vantage Networks TL B-2,First Lien,2357945.84,97.435,486.9,5.33,2024-03-21,2029-04-23,B1,0,1
A00700,CLO-BAIN-241,OB0214,Crestline Logistics Term Loan B,First Lien,2820941.76,100.206,373.3,5.33,2024-08-10,2028-08-04,Baa3,0,1
